user_id,class_id,quiz_1,quiz_2,quiz_3,quiz_4,quiz_5,quiz_6,quiz_7,quiz_8,quiz_9,quiz_10,final_score
U001,C02,86,73,93,94.0,63.0,63.0,,,,,76
U002,C01,89,63,89,83.0,57.0,86.0,53.0,74.0,89.0,75.0,81
U002,C04,74,72,62,86.0,60.0,99.0,95.0,86.0,85.0,,85
U003,C05,85,97,83,82.0,100.0,100.0,75.0,,,,89
U003,C03,80,70,51,,,,,,,,66
U004,C05,60,85,76,87.0,65.0,74.0,59.0,90.0,91.0,92.0,76
U005,C02,88,77,79,95.0,65.0,,,,,,82
U006,C02,67,73,88,100.0,100.0,73.0,78.0,82.0,,,84
U006,C05,62,92,70,90.0,,,,,,,74
U007,C02,71,58,53,61.0,,,,,,,69
U007,C03,65,55,66,58.0,98.0,61.0,,,,,72
U008,C03,77,58,75,66.0,75.0,59.0,59.0,61.0,51.0,,69
U009,C04,51,96,66,62.0,52.0,94.0,61.0,78.0,69.0,,63
U010,C04,81,59,85,66.0,,,,,,,81
U010,C02,75,70,61,77.0,69.0,96.0,70.0,56.0,,,75
U011,C05,97,54,69,60.0,60.0,69.0,,,,,70
U012,C03,81,95,68,69.0,51.0,54.0,75.0,62.0,,,72
U013,C05,69,72,89,89.0,65.0,,,,,,65
U013,C02,59,81,71,64.0,60.0,91.0,87.0,93.0,82.0,,84
U014,C05,84,84,68,,,,,,,,64
U015,C01,65,51,54,75.0,93.0,,,,,,62
U016,C02,61,56,55,93.0,94.0,90.0,,,,,81
U016,C04,56,87,100,70.0,76.0,53.0,81.0,94.0,85.0,73.0,88
U017,C02,75,73,74,91.0,,,,,,,69
U017,C01,59,55,52,67.0,99.0,93.0,76.0,90.0,87.0,,79
U018,C05,83,75,96,64.0,70.0,,,,,,70
U018,C01,50,82,77,57.0,96.0,67.0,,,,,70
U019,C04,53,79,73,85.0,78.0,72.0,50.0,89.0,65.0,,67
U019,C03,68,52,71,77.0,99.0,77.0,93.0,76.0,99.0,,88
U020,C01,87,63,86,,,,,,,,87
U021,C03,54,56,94,,,,,,,,61
U021,C05,73,73,80,99.0,71.0,52.0,85.0,,,,81
U022,C05,91,56,77,,,,,,,,65
U023,C01,78,56,84,98.0,54.0,60.0,93.0,98.0,,,66
U023,C05,78,90,62,,,,,,,,79
U024,C01,94,66,85,74.0,71.0,94.0,100.0,92.0,99.0,,100
U024,C05,93,64,66,85.0,54.0,97.0,69.0,95.0,72.0,,74
U025,C03,67,84,84,98.0,82.0,87.0,87.0,80.0,81.0,94.0,91
U026,C01,57,95,77,94.0,,,,,,,85
U026,C05,85,86,100,99.0,62.0,,,,,,76
U027,C03,54,78,64,68.0,,,,,,,72
U028,C03,67,94,76,50.0,67.0,89.0,57.0,78.0,87.0,,76
U028,C05,82,51,82,75.0,95.0,55.0,57.0,61.0,85.0,74.0,81
U029,C02,79,55,55,56.0,61.0,98.0,58.0,75.0,,,61
U030,C05,60,51,76,70.0,,,,,,,64
U030,C03,56,63,92,75.0,,,,,,,76
U031,C02,54,55,97,78.0,59.0,54.0,74.0,63.0,91.0,86.0,79
U031,C01,50,73,80,73.0,93.0,91.0,60.0,72.0,75.0,,81
U032,C04,50,83,59,,,,,,,,70
U032,C05,70,70,87,77.0,89.0,,,,,,78
U033,C05,54,65,66,92.0,95.0,64.0,62.0,60.0,100.0,57.0,72
U033,C02,96,71,81,82.0,59.0,68.0,68.0,,,,73
U034,C01,100,94,71,89.0,70.0,68.0,55.0,73.0,50.0,89.0,81
U034,C03,75,72,67,88.0,100.0,92.0,57.0,50.0,88.0,,83
U035,C01,77,66,95,50.0,62.0,63.0,97.0,,,,68
U035,C05,85,83,81,94.0,,,,,,,93
U036,C02,74,51,51,85.0,61.0,55.0,71.0,68.0,90.0,,79
U037,C04,62,61,67,,,,,,,,56
U037,C05,97,93,96,,,,,,,,100
U038,C01,77,62,71,,,,,,,,65
U039,C05,51,53,59,64.0,58.0,100.0,,,,,75
U040,C01,53,82,59,70.0,,,,,,,58
U040,C02,85,66,59,77.0,70.0,99.0,90.0,87.0,71.0,,80
U041,C05,60,69,70,98.0,92.0,60.0,96.0,90.0,88.0,,77
U042,C03,51,94,97,,,,,,,,89
U042,C05,81,80,58,74.0,,,,,,,64
U043,C04,96,88,78,97.0,71.0,,,,,,77
U043,C03,73,89,84,76.0,63.0,55.0,,,,,72
U044,C03,80,87,51,,,,,,,,68
U044,C05,86,88,70,72.0,51.0,59.0,,,,,63
U045,C03,89,82,94,92.0,57.0,58.0,67.0,,,,77
U046,C05,78,77,95,76.0,,,,,,,82
U046,C03,72,63,90,88.0,62.0,,,,,,72
U047,C05,70,93,72,97.0,53.0,96.0,88.0,,,,85
U048,C02,62,53,69,70.0,58.0,,,,,,60
U049,C04,97,59,86,84.0,,,,,,,78
U049,C03,68,60,60,93.0,,,,,,,79
U050,C02,66,64,79,100.0,94.0,50.0,52.0,99.0,84.0,,94
U050,C05,59,81,56,68.0,,,,,,,66
U051,C01,89,83,77,99.0,64.0,83.0,,,,,96
U052,C01,94,88,96,96.0,51.0,51.0,52.0,52.0,83.0,56.0,77
U053,C02,79,97,53,95.0,,,,,,,81
U053,C04,72,74,52,56.0,,,,,,,63
U054,C04,98,84,64,89.0,68.0,62.0,56.0,50.0,86.0,,77
U054,C03,94,77,73,80.0,88.0,91.0,74.0,50.0,,,78
U055,C05,72,59,69,,,,,,,,72
U056,C01,69,90,98,80.0,57.0,92.0,70.0,84.0,,,89
U057,C01,74,56,56,92.0,60.0,,,,,,76
U057,C03,95,97,91,,,,,,,,100
U058,C05,60,74,65,,,,,,,,76
U059,C03,78,78,74,,,,,,,,73
U060,C03,54,61,65,,,,,,,,64
U060,C04,74,67,72,92.0,,,,,,,77
U061,C04,81,86,83,97.0,54.0,94.0,90.0,,,,90
U061,C05,59,94,63,93.0,74.0,80.0,87.0,57.0,,,70
U062,C05,87,86,83,63.0,,,,,,,78
U062,C02,51,96,90,55.0,88.0,77.0,89.0,67.0,71.0,63.0,65
U063,C01,60,79,84,61.0,83.0,,,,,,79
U063,C04,65,73,56,100.0,81.0,76.0,97.0,100.0,,,74
U064,C02,99,59,70,82.0,50.0,66.0,71.0,,,,66
U065,C02,71,73,59,98.0,85.0,75.0,72.0,55.0,94.0,,75
U065,C03,84,51,97,95.0,,,,,,,84
U066,C01,100,83,56,80.0,69.0,,,,,,71
U067,C02,76,94,79,59.0,,,,,,,81
U067,C04,68,84,77,57.0,59.0,81.0,95.0,,,,65
U068,C05,94,98,61,73.0,50.0,79.0,72.0,57.0,,,76
U069,C04,100,88,85,93.0,91.0,70.0,78.0,,,,100
U070,C03,67,53,91,67.0,64.0,78.0,58.0,83.0,68.0,75.0,74
U070,C05,94,88,86,64.0,,,,,,,76
U071,C05,67,96,80,72.0,53.0,,,,,,80
U071,C04,75,61,95,65.0,98.0,78.0,50.0,,,,78
U072,C04,89,81,71,99.0,67.0,86.0,,,,,82
U073,C04,56,61,74,100.0,60.0,89.0,78.0,56.0,84.0,71.0,68
U074,C01,75,71,71,94.0,71.0,65.0,79.0,55.0,87.0,,71
U074,C05,76,67,93,92.0,84.0,93.0,,,,,76
U075,C01,100,59,63,71.0,57.0,54.0,,,,,73
U075,C02,64,99,62,59.0,71.0,99.0,97.0,62.0,53.0,71.0,69
U076,C05,60,97,52,97.0,96.0,96.0,94.0,57.0,,,79
U077,C05,78,74,77,71.0,64.0,97.0,77.0,,,,77
U077,C01,66,96,85,80.0,84.0,54.0,84.0,82.0,69.0,88.0,76
U078,C03,66,70,85,99.0,63.0,,,,,,75
U079,C04,94,71,85,72.0,89.0,71.0,81.0,53.0,,,84
U080,C02,77,52,78,99.0,,,,,,,59
U080,C01,51,74,53,76.0,90.0,66.0,53.0,54.0,82.0,,62
U081,C02,97,72,88,63.0,76.0,,,,,,79
U082,C02,59,68,76,,,,,,,,83
U082,C04,62,57,60,70.0,78.0,91.0,72.0,76.0,76.0,65.0,76
U083,C03,98,84,75,82.0,,,,,,,77
U084,C02,68,95,95,52.0,90.0,,,,,,80
U085,C02,86,62,54,50.0,89.0,,,,,,75
U086,C03,97,70,83,100.0,80.0,82.0,91.0,92.0,,,85
U086,C05,81,63,84,54.0,75.0,67.0,,,,,69
U087,C05,99,66,73,90.0,67.0,79.0,98.0,60.0,,,78
U087,C02,96,96,71,69.0,,,,,,,83
U088,C04,76,72,67,,,,,,,,70
U088,C03,60,77,97,77.0,71.0,,,,,,73
U089,C05,87,66,75,70.0,89.0,69.0,90.0,61.0,64.0,,69
U089,C04,76,94,60,67.0,93.0,69.0,91.0,52.0,55.0,,67
U090,C03,80,77,87,70.0,57.0,,,,,,75
U090,C01,96,93,79,82.0,80.0,71.0,52.0,100.0,93.0,54.0,83
U091,C05,68,98,54,62.0,74.0,96.0,77.0,98.0,,,83
U092,C05,85,61,73,97.0,57.0,72.0,67.0,81.0,55.0,99.0,86
U092,C03,94,98,58,57.0,57.0,51.0,96.0,63.0,,,72
U093,C01,53,90,81,76.0,88.0,55.0,54.0,,,,72
U093,C05,91,69,52,60.0,99.0,97.0,,,,,73
U094,C01,73,91,56,,,,,,,,74
U094,C03,96,95,62,,,,,,,,88
U095,C02,66,79,81,60.0,99.0,95.0,57.0,65.0,,,69
U096,C05,67,57,55,78.0,77.0,100.0,71.0,62.0,,,70
U096,C01,53,76,93,88.0,57.0,85.0,81.0,,,,91
U097,C03,78,75,50,,,,,,,,73
U098,C04,63,81,97,74.0,53.0,69.0,56.0,60.0,,,71
U099,C02,78,80,93,74.0,,,,,,,88
U100,C02,93,95,79,94.0,71.0,,,,,,90
U101,C02,71,50,100,53.0,91.0,,,,,,74
U102,C01,93,98,61,77.0,59.0,,,,,,84
U102,C03,67,90,63,71.0,56.0,61.0,84.0,88.0,94.0,62.0,64
U103,C04,65,98,71,65.0,57.0,99.0,,,,,76
U103,C03,88,84,77,86.0,95.0,95.0,65.0,98.0,93.0,,93
U104,C02,66,71,86,86.0,94.0,60.0,78.0,77.0,56.0,,73
U105,C04,79,91,89,52.0,,,,,,,72
U106,C02,67,85,54,87.0,,,,,,,71
U107,C02,100,79,54,88.0,64.0,51.0,76.0,67.0,,,78
U108,C03,68,80,98,55.0,54.0,53.0,54.0,68.0,76.0,,71
U108,C04,100,85,61,,,,,,,,79
U109,C03,72,83,59,83.0,84.0,81.0,55.0,70.0,97.0,83.0,62
U109,C05,98,78,52,,,,,,,,70
U110,C05,73,70,81,71.0,63.0,88.0,87.0,56.0,59.0,80.0,73
U110,C01,85,51,79,95.0,90.0,55.0,52.0,80.0,,,77
U111,C01,64,85,96,97.0,83.0,84.0,83.0,,,,90
U112,C05,90,60,98,72.0,81.0,99.0,,,,,85
U112,C01,87,83,84,85.0,74.0,88.0,75.0,66.0,,,86
U113,C04,51,99,92,68.0,90.0,85.0,79.0,97.0,65.0,,87
U113,C05,52,93,53,66.0,97.0,66.0,55.0,,,,60
U114,C03,57,77,75,74.0,,,,,,,66
U115,C01,66,65,87,58.0,50.0,92.0,75.0,70.0,61.0,96.0,74
U115,C03,77,98,80,77.0,88.0,79.0,87.0,74.0,,,82
U116,C01,64,91,92,99.0,77.0,75.0,,,,,84
U117,C03,70,95,65,93.0,79.0,51.0,56.0,65.0,50.0,73.0,69
U117,C05,60,73,93,79.0,70.0,,,,,,66
U118,C05,87,80,82,100.0,73.0,59.0,72.0,70.0,71.0,,69
U119,C03,87,91,92,100.0,,,,,,,94
U119,C04,85,58,97,91.0,50.0,93.0,52.0,61.0,,,66
U120,C05,94,67,69,80.0,85.0,92.0,,,,,88
U121,C02,81,80,99,63.0,67.0,93.0,93.0,95.0,56.0,97.0,88
U122,C01,70,72,58,91.0,80.0,96.0,84.0,,,,84
U123,C04,87,68,79,89.0,,,,,,,80
U123,C05,53,96,54,89.0,78.0,64.0,62.0,96.0,94.0,57.0,78
U124,C04,80,61,61,51.0,95.0,68.0,,,,,75
U125,C03,70,86,73,82.0,52.0,78.0,97.0,95.0,,,74
U125,C01,95,57,73,70.0,67.0,61.0,72.0,89.0,74.0,58.0,79
U126,C04,63,57,51,,,,,,,,57
U127,C03,55,94,73,97.0,58.0,88.0,82.0,,,,66
U127,C05,74,87,63,64.0,73.0,73.0,,,,,67
U128,C01,83,61,67,93.0,50.0,93.0,54.0,64.0,,,74
U129,C03,100,78,87,,,,,,,,88
U129,C02,61,78,99,78.0,74.0,60.0,,,,,79
U130,C03,83,67,68,91.0,62.0,76.0,54.0,,,,79
U130,C02,68,79,50,,,,,,,,67
U131,C02,97,72,96,63.0,85.0,56.0,81.0,,,,81
U131,C04,91,78,84,,,,,,,,81
U132,C03,100,76,79,62.0,98.0,64.0,97.0,56.0,56.0,71.0,65
U132,C02,59,66,51,69.0,,,,,,,65
U133,C04,84,88,76,56.0,74.0,62.0,,,,,74
U134,C02,100,84,63,100.0,89.0,,,,,,70
U134,C03,77,99,60,88.0,87.0,70.0,62.0,84.0,59.0,52.0,72
U135,C05,71,96,50,93.0,53.0,60.0,75.0,,,,63
U136,C05,100,99,73,82.0,57.0,,,,,,78
U136,C01,79,63,75,58.0,94.0,,,,,,81
U137,C02,72,76,90,53.0,67.0,,,,,,78
U137,C04,53,79,61,,,,,,,,67
U138,C02,58,67,73,99.0,71.0,88.0,50.0,85.0,,,72
U139,C05,55,84,57,85.0,70.0,51.0,89.0,,,,67
U139,C04,75,65,52,,,,,,,,66
U140,C05,83,56,68,92.0,75.0,60.0,,,,,77
U140,C01,80,100,70,,,,,,,,77
U141,C04,81,67,82,98.0,60.0,94.0,96.0,65.0,,,70
U142,C04,69,62,76,97.0,85.0,70.0,80.0,94.0,70.0,59.0,77
U143,C01,63,82,94,80.0,,,,,,,84
U143,C02,95,76,100,66.0,99.0,100.0,96.0,,,,79
U144,C05,73,53,55,81.0,82.0,,,,,,70
U145,C01,83,89,55,81.0,89.0,81.0,,,,,75
U145,C03,65,51,62,71.0,73.0,96.0,67.0,88.0,,,71
U146,C03,99,97,53,71.0,,,,,,,82
U147,C05,81,63,62,81.0,,,,,,,69
U148,C04,89,50,100,,,,,,,,77
U148,C05,63,70,50,86.0,79.0,69.0,100.0,92.0,,,81
U149,C05,73,50,57,80.0,90.0,,,,,,62
U149,C02,94,80,51,79.0,55.0,,,,,,73
U150,C05,74,93,66,67.0,74.0,,,,,,60
U151,C04,93,76,72,91.0,94.0,88.0,66.0,75.0,,,83
U152,C05,88,78,95,60.0,74.0,82.0,,,,,78
U152,C04,70,54,67,67.0,76.0,76.0,54.0,93.0,83.0,91.0,69
U153,C02,60,80,89,58.0,53.0,93.0,51.0,,,,53
U154,C03,96,85,53,87.0,94.0,91.0,62.0,100.0,63.0,,83
U155,C02,86,65,58,90.0,96.0,98.0,72.0,,,,81
U156,C02,80,55,86,,,,,,,,66
U157,C03,57,62,90,,,,,,,,64
U157,C04,78,85,72,99.0,64.0,83.0,85.0,97.0,,,68
U158,C05,83,77,77,69.0,79.0,90.0,62.0,99.0,57.0,81.0,76
U158,C02,56,82,62,66.0,64.0,,,,,,59
U159,C02,66,55,73,79.0,73.0,53.0,81.0,53.0,100.0,,68
U160,C01,61,78,69,97.0,92.0,91.0,81.0,62.0,60.0,63.0,66
U161,C05,52,81,72,92.0,87.0,73.0,95.0,,,,66
U161,C03,92,83,88,77.0,98.0,60.0,57.0,96.0,54.0,,76
U162,C05,92,62,89,74.0,88.0,89.0,,,,,84
U162,C01,98,82,94,60.0,97.0,64.0,85.0,67.0,,,86
U163,C01,71,83,88,64.0,74.0,66.0,85.0,66.0,,,79
U163,C05,77,100,85,59.0,69.0,89.0,77.0,,,,71
U164,C03,58,96,69,68.0,99.0,76.0,,,,,76
U164,C04,71,84,58,61.0,92.0,57.0,,,,,69
U165,C05,89,91,84,,,,,,,,92
U165,C02,86,67,51,69.0,58.0,,,,,,65
U166,C03,73,92,68,55.0,63.0,71.0,81.0,81.0,54.0,99.0,72
U166,C04,83,52,65,92.0,73.0,87.0,89.0,,,,76
U167,C05,65,95,55,,,,,,,,69
U168,C02,71,69,99,56.0,78.0,,,,,,66
U169,C02,74,55,57,71.0,61.0,71.0,52.0,87.0,50.0,95.0,78
U169,C05,88,81,56,96.0,,,,,,,77
U170,C02,71,73,65,71.0,97.0,67.0,91.0,83.0,,,73
U171,C01,78,72,89,,,,,,,,81
U172,C02,91,70,92,61.0,67.0,66.0,89.0,100.0,70.0,64.0,72
U173,C05,94,100,58,,,,,,,,74
U174,C05,66,54,88,72.0,73.0,54.0,85.0,,,,60
U174,C02,55,52,74,99.0,91.0,55.0,,,,,74
U175,C04,88,60,93,57.0,,,,,,,76
U176,C03,50,60,97,78.0,86.0,59.0,93.0,,,,80
U176,C01,56,92,56,74.0,74.0,82.0,,,,,69
U177,C03,86,70,72,,,,,,,,70
U177,C02,99,71,74,94.0,94.0,89.0,68.0,79.0,89.0,73.0,93
U178,C01,95,72,63,69.0,88.0,,,,,,77
U179,C05,81,93,97,79.0,,,,,,,95
U179,C03,66,96,79,,,,,,,,79
U180,C04,62,76,77,82.0,79.0,78.0,,,,,86
U181,C04,57,82,57,89.0,77.0,100.0,85.0,72.0,83.0,,79
U182,C04,85,84,95,88.0,80.0,63.0,58.0,56.0,90.0,,76
U183,C02,53,50,99,85.0,57.0,58.0,91.0,54.0,,,76
U184,C03,100,62,70,90.0,100.0,54.0,70.0,67.0,,,80
U185,C02,67,68,84,82.0,69.0,100.0,76.0,51.0,85.0,,78
U186,C04,85,84,74,,,,,,,,86
U187,C04,97,85,93,61.0,62.0,,,,,,68
U187,C02,97,94,99,81.0,99.0,64.0,61.0,78.0,,,80
U188,C01,95,74,70,54.0,72.0,,,,,,85
U189,C04,66,62,55,84.0,72.0,65.0,50.0,84.0,,,64
U190,C04,81,66,66,58.0,60.0,,,,,,69
U190,C03,89,50,66,85.0,60.0,54.0,64.0,82.0,93.0,53.0,65
U191,C01,97,65,86,85.0,51.0,58.0,84.0,,,,81
U191,C03,71,92,66,89.0,93.0,58.0,65.0,71.0,83.0,,70
U192,C03,89,95,77,73.0,76.0,75.0,63.0,,,,76
U193,C05,67,76,58,,,,,,,,70
U194,C02,66,94,67,74.0,88.0,58.0,66.0,,,,71
U195,C04,56,70,96,68.0,79.0,52.0,78.0,85.0,,,66
U195,C05,100,82,94,67.0,63.0,,,,,,75
U196,C03,99,72,97,76.0,59.0,72.0,69.0,98.0,93.0,,89
U197,C04,83,94,87,77.0,50.0,66.0,59.0,85.0,78.0,,69
U198,C05,96,77,68,91.0,66.0,71.0,88.0,,,,82
U198,C04,56,90,61,50.0,68.0,88.0,89.0,76.0,79.0,98.0,72
U199,C03,81,85,92,56.0,90.0,63.0,59.0,56.0,97.0,,90
U199,C04,61,96,50,,,,,,,,59
U200,C02,98,81,64,86.0,66.0,,,,,,76
U201,C02,74,67,80,93.0,65.0,52.0,,,,,70
U201,C03,71,85,61,76.0,55.0,69.0,59.0,93.0,71.0,,78
U202,C02,52,79,95,78.0,86.0,95.0,89.0,93.0,,,84
U202,C05,81,68,65,76.0,94.0,71.0,,,,,65
U203,C04,99,69,74,81.0,93.0,65.0,80.0,73.0,60.0,,85
U203,C01,54,54,53,74.0,65.0,98.0,75.0,100.0,,,68
U204,C02,67,77,97,75.0,74.0,100.0,76.0,,,,86
U204,C05,59,65,65,75.0,51.0,86.0,51.0,70.0,81.0,,70
U205,C03,74,78,53,89.0,97.0,62.0,87.0,65.0,71.0,,75
U205,C04,85,86,96,95.0,69.0,86.0,,,,,87
U206,C02,72,100,90,81.0,51.0,53.0,83.0,56.0,78.0,67.0,78
U207,C04,91,69,100,62.0,67.0,89.0,91.0,,,,79
U207,C02,83,81,57,77.0,,,,,,,66
U208,C04,86,57,62,76.0,87.0,70.0,,,,,85
U209,C05,96,72,64,89.0,52.0,56.0,,,,,67
U210,C04,55,89,74,54.0,97.0,,,,,,77
U210,C01,93,69,65,99.0,86.0,52.0,97.0,50.0,63.0,,81
U211,C01,88,55,73,60.0,,,,,,,82
U212,C02,86,74,91,95.0,65.0,100.0,,,,,82
U212,C04,76,61,56,59.0,75.0,95.0,94.0,60.0,76.0,85.0,83
U213,C03,53,67,62,67.0,70.0,,,,,,58
U214,C03,98,64,85,62.0,67.0,96.0,54.0,81.0,,,85
U214,C04,58,60,53,72.0,,,,,,,54
U215,C01,67,59,92,62.0,89.0,92.0,56.0,,,,72
U216,C04,63,59,53,59.0,,,,,,,48
U216,C05,78,56,51,98.0,,,,,,,75
U217,C01,50,73,54,77.0,56.0,94.0,65.0,63.0,74.0,,66
U217,C03,79,52,53,94.0,58.0,51.0,69.0,,,,65
U218,C03,87,93,95,67.0,66.0,68.0,95.0,,,,92
U219,C01,71,56,85,65.0,67.0,71.0,89.0,94.0,56.0,54.0,64
U219,C05,100,72,95,60.0,68.0,67.0,79.0,95.0,,,74
U220,C02,51,90,60,,,,,,,,64
U220,C03,51,88,84,75.0,84.0,64.0,,,,,69
U221,C01,92,91,90,,,,,,,,85
U221,C02,99,95,74,98.0,67.0,88.0,,,,,81
U222,C03,65,58,80,85.0,,,,,,,67
U222,C05,89,78,60,63.0,,,,,,,70
U223,C05,63,86,88,86.0,99.0,,,,,,81
U223,C04,91,89,96,65.0,,,,,,,95
U224,C02,82,67,73,71.0,79.0,64.0,73.0,,,,83
U225,C05,89,63,97,93.0,,,,,,,88
U225,C01,59,81,54,90.0,59.0,89.0,67.0,52.0,64.0,,71
U226,C04,83,96,79,61.0,70.0,,,,,,86
U226,C05,86,80,80,61.0,73.0,68.0,,,,,79
U227,C03,99,82,88,77.0,85.0,65.0,,,,,86
U227,C01,68,100,50,94.0,65.0,50.0,87.0,,,,83
U228,C03,70,67,71,89.0,50.0,98.0,97.0,75.0,72.0,,84
U228,C04,81,54,63,59.0,74.0,67.0,87.0,,,,71
U229,C02,70,74,64,83.0,80.0,75.0,57.0,,,,74
U230,C05,53,52,63,74.0,86.0,62.0,,,,,71
U230,C02,75,98,70,80.0,91.0,72.0,86.0,,,,77
U231,C05,52,79,70,66.0,52.0,50.0,100.0,,,,64
U232,C04,53,90,100,53.0,63.0,75.0,89.0,89.0,95.0,,89
U232,C03,58,67,55,52.0,53.0,,,,,,56
U233,C01,78,88,63,69.0,91.0,51.0,66.0,91.0,84.0,,68
U234,C04,58,61,92,57.0,59.0,71.0,82.0,86.0,54.0,78.0,65
U234,C03,78,81,90,,,,,,,,81
U235,C03,52,96,66,,,,,,,,61
U236,C05,87,65,55,,,,,,,,67
U237,C03,83,82,77,66.0,66.0,80.0,57.0,61.0,,,57
U237,C01,53,86,98,,,,,,,,80
U238,C05,64,88,50,87.0,65.0,77.0,96.0,,,,76
U238,C03,60,64,89,61.0,58.0,91.0,85.0,88.0,,,69
U239,C02,71,95,96,89.0,54.0,83.0,,,,,81
U240,C03,94,53,71,98.0,,,,,,,72
U241,C05,52,71,81,86.0,91.0,60.0,72.0,82.0,,,64
U241,C04,61,66,96,,,,,,,,69
U242,C04,51,56,93,57.0,100.0,59.0,92.0,,,,78
U242,C03,50,90,85,76.0,81.0,71.0,65.0,57.0,64.0,,66
U243,C04,60,70,93,,,,,,,,75
U243,C02,74,81,68,83.0,70.0,82.0,64.0,,,,89
U244,C05,63,87,51,80.0,53.0,59.0,,,,,65
U244,C04,60,78,68,82.0,,,,,,,75
U245,C04,70,77,57,65.0,,,,,,,59
U246,C05,92,50,98,93.0,,,,,,,84
U247,C02,51,65,95,71.0,78.0,60.0,64.0,85.0,72.0,,63
U247,C04,59,100,80,67.0,70.0,96.0,95.0,98.0,,,72
U248,C02,57,69,72,61.0,73.0,75.0,91.0,85.0,86.0,,59
U249,C02,64,78,79,69.0,53.0,57.0,,,,,71
U250,C05,85,75,50,80.0,58.0,84.0,83.0,53.0,,,73
U250,C04,69,75,70,60.0,59.0,88.0,52.0,57.0,69.0,,78
U251,C04,97,86,55,78.0,75.0,84.0,97.0,,,,85
U251,C03,71,60,69,52.0,71.0,93.0,75.0,,,,62
U252,C01,86,76,78,53.0,74.0,,,,,,69
U252,C02,64,73,57,86.0,,,,,,,57
U253,C03,66,94,88,,,,,,,,84
U254,C01,54,51,64,91.0,90.0,68.0,87.0,97.0,95.0,,69
U255,C05,82,77,59,73.0,76.0,69.0,77.0,59.0,,,81
U255,C03,100,87,53,56.0,51.0,95.0,98.0,73.0,90.0,57.0,68
U256,C02,91,67,97,52.0,77.0,87.0,56.0,65.0,60.0,77.0,76
U256,C01,66,71,53,86.0,100.0,83.0,88.0,52.0,57.0,,87
U257,C03,93,70,76,58.0,90.0,93.0,,,,,93
U257,C05,71,65,90,100.0,65.0,67.0,86.0,88.0,72.0,,74
U258,C02,81,57,96,84.0,69.0,53.0,75.0,57.0,53.0,,81
U259,C04,61,65,92,,,,,,,,89
U260,C02,64,92,93,96.0,91.0,71.0,93.0,100.0,62.0,,92
U260,C03,70,93,93,,,,,,,,79
U261,C03,73,62,85,90.0,,,,,,,68
U261,C01,70,87,50,55.0,85.0,,,,,,70
U262,C02,62,82,62,61.0,85.0,67.0,99.0,,,,70
U262,C01,94,80,100,54.0,60.0,,,,,,73
U263,C01,76,59,77,61.0,80.0,76.0,87.0,86.0,68.0,,72
U264,C03,63,96,81,76.0,58.0,99.0,59.0,,,,71
U264,C02,92,52,75,99.0,69.0,57.0,,,,,60
U265,C05,84,81,79,91.0,80.0,70.0,90.0,,,,71
U266,C05,71,72,60,98.0,68.0,58.0,59.0,64.0,,,73
U267,C04,81,60,67,77.0,,,,,,,73
U267,C02,74,99,53,68.0,53.0,89.0,54.0,53.0,57.0,,57
U268,C02,89,85,77,54.0,70.0,74.0,57.0,79.0,77.0,,77
U268,C05,65,96,74,62.0,95.0,97.0,61.0,88.0,95.0,,68
U269,C05,56,73,63,58.0,,,,,,,48
U269,C02,66,89,90,,,,,,,,75
U270,C02,66,72,95,70.0,91.0,85.0,63.0,57.0,,,72
U270,C03,96,56,53,99.0,75.0,91.0,54.0,59.0,75.0,91.0,81
U271,C04,69,77,70,94.0,94.0,74.0,81.0,95.0,99.0,62.0,92
U271,C05,52,99,92,90.0,,,,,,,95
U272,C03,88,50,74,56.0,80.0,58.0,63.0,,,,59
U272,C04,75,63,85,95.0,91.0,60.0,79.0,,,,79
U273,C01,85,53,58,75.0,63.0,53.0,73.0,,,,57
U274,C04,97,69,71,100.0,96.0,,,,,,86
U275,C05,66,58,77,,,,,,,,62
U276,C01,64,63,87,63.0,70.0,77.0,59.0,83.0,,,68
U277,C04,65,59,74,53.0,59.0,72.0,83.0,67.0,50.0,88.0,66
U277,C02,80,88,63,55.0,,,,,,,69
U278,C05,55,82,84,60.0,,,,,,,69
U278,C03,100,52,51,69.0,,,,,,,71
U279,C04,84,59,93,51.0,70.0,91.0,,,,,75
U280,C01,54,66,73,100.0,83.0,90.0,88.0,60.0,80.0,86.0,74
U280,C04,69,53,86,58.0,,,,,,,76
U281,C05,87,85,53,52.0,93.0,87.0,62.0,86.0,70.0,,78
U282,C05,79,77,69,72.0,94.0,97.0,96.0,50.0,67.0,88.0,84
U282,C04,83,82,83,72.0,58.0,85.0,59.0,90.0,91.0,59.0,83
U283,C05,79,64,75,69.0,52.0,90.0,53.0,,,,76
U284,C01,92,58,74,81.0,73.0,,,,,,84
U285,C04,78,90,51,94.0,91.0,56.0,55.0,84.0,55.0,,69
U286,C03,84,71,75,73.0,69.0,94.0,60.0,86.0,74.0,55.0,66
U286,C05,52,98,82,61.0,63.0,57.0,83.0,,,,76
U287,C05,72,78,94,69.0,57.0,67.0,56.0,90.0,,,64
U287,C01,69,59,79,79.0,99.0,79.0,54.0,91.0,79.0,91.0,81
U288,C02,72,95,94,,,,,,,,83
U288,C04,65,90,91,78.0,59.0,53.0,51.0,60.0,79.0,92.0,71
U289,C02,75,90,82,73.0,,,,,,,88
U289,C04,71,59,52,63.0,55.0,75.0,74.0,,,,75
U290,C02,83,71,59,77.0,,,,,,,66
U291,C01,91,85,75,83.0,88.0,87.0,56.0,86.0,87.0,69.0,69
U291,C03,65,60,67,55.0,92.0,57.0,97.0,90.0,,,67
U292,C04,99,61,66,98.0,52.0,86.0,74.0,73.0,,,73
U293,C05,79,74,69,64.0,,,,,,,60
U293,C02,99,60,70,,,,,,,,81
U294,C04,66,86,65,77.0,97.0,68.0,83.0,76.0,94.0,,74
U294,C05,93,61,82,60.0,90.0,,,,,,73
U295,C03,88,66,82,68.0,61.0,57.0,,,,,75
U295,C05,91,86,57,79.0,65.0,92.0,96.0,60.0,,,75
U296,C05,54,56,52,,,,,,,,40
U297,C02,71,56,56,75.0,67.0,,,,,,76
U298,C04,88,50,76,62.0,74.0,67.0,97.0,88.0,68.0,,75
U298,C05,73,91,76,73.0,68.0,87.0,,,,,80
U299,C05,53,76,100,62.0,57.0,81.0,87.0,,,,72
U299,C01,88,91,88,53.0,69.0,,,,,,75
U300,C02,59,62,88,70.0,54.0,,,,,,70
U300,C03,54,68,94,60.0,59.0,82.0,76.0,93.0,,,76
