user_id,class_id,Topic_1,Topic_2,Topic_3,Topic_4,Topic_5,Topic_6,Topic_7,Topic_8,Topic_1_time,Topic_2_time,Topic_3_time,Topic_4_time,Topic_5_time,Topic_6_time,Topic_7_time,Topic_8_time,Topic_1_attempts,Topic_2_attempts,Topic_3_attempts,Topic_4_attempts,Topic_5_attempts,Topic_6_attempts,Topic_7_attempts,Topic_8_attempts,recommended_topics
U001,C05,95,98,79,82,56,95,93,57,17.015516420943896,23.814872299192423,21.913970873285685,10.15014813833653,14.506709245399621,27.88383922428787,26.622353429195517,7.519130800351407,2,3,2,2,1,3,1,1,"Topic_5, Topic_8"
U001,C02,93,62,59,75,52,73,77,68,15.823813647880426,10.05401479833217,24.018993303343287,21.094352869410415,21.300293256703824,10.704291851889472,8.143020218289427,12.031199914368607,2,1,3,2,1,3,1,2,"Topic_3, Topic_5"
U002,C02,84,56,83,65,64,74,83,57,10.958865252193508,20.443462791303965,19.28019258022856,7.858044470846874,22.96682882736659,14.347557719281932,29.81403641076948,17.14849499138868,1,2,1,2,1,2,1,1,"Topic_2, Topic_8"
U003,C05,75,93,76,87,94,91,84,58,11.71723567427546,5.720538657258651,5.595197972440356,29.530747805973167,23.375952198803162,15.760197003385247,14.020234246895924,28.05390276146791,3,2,2,2,1,1,2,2,Topic_8
U003,C01,65,92,92,69,59,96,74,94,28.661694140023485,10.222053565395571,20.920923494502887,25.423074998045696,17.685235163521558,8.918893980084253,21.94896661709041,8.6604561947705,1,3,1,2,3,2,2,3,Topic_5
U004,C03,97,68,92,77,98,77,100,65,15.63607340984151,10.227261306188868,8.99906381538771,6.057511902519295,15.764493225952881,23.88870248975389,6.99663962387307,14.020447332562487,3,2,1,2,2,1,3,3,None
U004,C01,58,78,95,77,51,83,95,93,10.903020530528803,15.716140545280217,7.142175382671239,29.275582513941103,29.26038099491564,17.858227582756214,17.395079960817583,10.070539761156542,2,2,1,1,2,3,3,1,"Topic_1, Topic_5"
U005,C03,81,92,61,64,61,61,58,55,10.06190300373444,7.632443760301731,18.29459177857034,27.66856061670632,25.950222127380666,22.97934935194532,10.114305766620273,28.23704394616754,1,1,1,2,3,2,1,3,"Topic_7, Topic_8"
U006,C02,70,76,98,75,60,87,62,69,5.1108578184580296,13.37641524012902,17.345725959258928,20.606463478229593,22.93527178842129,12.551757183791509,23.911911649337913,23.929786174977853,2,1,3,3,2,2,1,3,None
U007,C04,87,93,55,58,52,65,55,86,6.812323920973149,29.592921569099044,25.584801133896978,23.195154153623374,9.392661654512672,16.77625886534353,26.731110948082577,8.997782932578769,1,2,3,1,1,3,3,2,"Topic_3, Topic_4, Topic_5, Topic_7"
U007,C05,64,65,64,55,83,93,69,53,25.206466639922738,28.23293033529734,27.39187461513796,19.17880911149656,28.721726681691383,14.284997315995833,6.12418507619409,19.1676959828799,3,2,1,1,2,2,3,2,"Topic_4, Topic_8"
U008,C02,86,80,81,52,60,60,50,97,22.856186054656572,19.845625478463354,19.02288469963974,12.999061393494467,9.546362334817788,26.894702998696186,26.122288857508103,23.74845918568891,1,1,1,1,2,2,2,1,"Topic_4, Topic_7"
U008,C03,99,87,90,52,55,90,98,62,16.103456489827373,12.4077868183475,29.100710490958626,21.962868479709226,15.385722996608484,10.137743119607899,10.29556435572054,16.344411392538934,3,3,1,1,3,2,1,1,"Topic_4, Topic_5"
U009,C01,90,66,97,98,79,93,62,93,8.769193194465768,5.158227866415908,21.03352491195709,14.741964533286549,19.289115543913567,6.949962443101175,28.840909833045124,28.89777670894881,3,3,2,1,2,1,3,2,None
U009,C05,94,87,77,95,94,50,87,97,26.8330083094362,17.451329738367832,10.10389181690029,13.01072793121573,12.597656511583235,10.56321093123053,16.192844203372676,8.632861101055804,1,2,1,3,1,1,2,2,Topic_6
U010,C01,52,65,91,78,94,54,87,62,21.79068626551721,8.808555212316389,23.43168993859495,5.803707415639096,8.292775889754038,26.272046290531893,15.641538535773678,7.541854754179662,2,1,3,2,2,1,3,2,"Topic_1, Topic_6"
U010,C03,55,59,62,79,62,51,55,59,24.356092284787998,11.703546489438883,21.654333715285865,24.469048176579648,24.494995994206324,6.161291337797396,24.56252287374303,28.11682868924417,1,3,1,3,3,1,2,3,"Topic_1, Topic_2, Topic_6, Topic_7, Topic_8"
U011,C04,72,81,94,64,75,59,94,89,13.707967841990325,21.086807014502217,6.607223656833806,25.263229275355997,12.084353358299815,23.06058069251628,24.580219654950483,6.262836325971642,3,3,1,1,1,3,2,2,Topic_6
U011,C03,63,54,80,100,53,60,62,83,28.306249423316043,29.24597667266397,10.929501152433634,19.176488824391733,27.189064482280518,29.137982131249775,26.044644327736844,6.257148015510564,1,1,3,3,2,3,2,3,"Topic_2, Topic_5"
U012,C05,61,90,94,59,71,86,96,60,7.229722427495045,23.359555792985713,6.894805720428722,18.556083427408737,15.237541727085567,24.311575212452375,21.64322384685247,6.6079483251696285,2,2,3,3,3,3,3,2,Topic_4
U012,C03,95,54,82,64,73,79,52,66,23.05313666689863,26.799305847249954,22.066000469979215,24.438931289755462,23.303989884382517,26.00973897507004,23.54048841556586,27.65403923461595,1,1,1,3,2,2,2,2,"Topic_2, Topic_7"
U013,C02,72,84,51,53,60,58,85,80,6.7685834382618335,23.206352238667066,5.612971789641225,6.328972360609179,7.032386680037076,7.730857266572115,17.138168094936297,7.674864558132853,1,1,2,2,1,1,1,3,"Topic_3, Topic_4, Topic_6"
U014,C01,82,95,93,81,65,88,54,81,29.774874623722372,29.305199933120804,22.447879533345954,24.001043257234322,25.920045799229587,13.438707083362349,7.281360775450658,7.489178264840241,2,3,3,1,1,3,1,1,Topic_7
U015,C04,75,61,82,85,51,61,53,50,9.446797378009947,5.804181870957316,13.35544389249373,6.6985766188854505,29.513760565870385,10.011406356675707,19.054194792467456,27.503826177630394,1,1,1,1,2,2,3,2,"Topic_5, Topic_7, Topic_8"
U015,C03,97,57,96,79,52,91,53,83,14.09878540112204,19.500692758963176,28.006626031261927,13.24779973343751,29.769181355288882,21.046320187294878,29.57541805582103,27.04676171696398,3,2,2,1,2,1,2,2,"Topic_2, Topic_5, Topic_7"
U016,C01,55,76,52,71,51,67,52,99,21.21813190323048,27.619104251526952,19.879018654840706,12.357329487721191,21.345979651520402,19.735688396149392,20.027702008513593,24.475013384560146,2,1,1,1,3,3,1,1,"Topic_1, Topic_3, Topic_5, Topic_7"
U016,C05,96,55,95,68,64,81,76,78,9.3435537898247,18.739043162168574,25.660501170191814,13.415513184326029,7.583949177939573,15.157159105218227,25.73003754478984,13.471728449867639,3,2,3,1,1,2,2,3,Topic_2
U017,C02,95,51,58,80,84,61,90,71,14.661484721793624,23.075852320833473,21.810745150202763,17.19368098858937,21.068438744701076,6.039578353427103,25.834668621895776,12.014819853000002,1,2,1,1,1,1,2,1,"Topic_2, Topic_3"
U018,C02,52,68,91,89,82,78,50,86,15.362989196943664,28.071261978778047,18.952032735066858,10.023204305504379,23.218107350641407,28.56480023782233,25.185051695647356,12.369401188089334,3,2,3,3,2,1,3,3,"Topic_1, Topic_7"
U019,C04,77,56,94,67,82,100,65,59,19.855898670753326,21.45847448081136,27.367236551188157,26.99178348637007,19.625720054463017,12.236162210576305,9.96740149885468,15.473407956324564,1,2,3,3,3,2,3,2,"Topic_2, Topic_8"
U020,C01,85,82,76,50,76,79,67,54,6.020997278674448,27.354608811427735,14.94799227406404,7.763151837076855,29.838605737362617,17.339984718277407,29.09335184566464,12.042012337782381,1,2,1,1,3,3,1,1,"Topic_4, Topic_8"
U020,C04,56,64,88,95,93,95,89,79,5.670146567866708,20.08678422210134,8.119499958961283,25.445538164473664,22.25027056764235,25.02895238176302,20.685770205203326,23.3370254350217,3,2,3,1,2,2,1,2,Topic_1
U021,C01,56,51,86,98,75,98,74,67,5.879806039208325,10.978105787682974,16.86363567867783,16.419453024078695,28.39002817952373,10.994832370665327,22.870594703583986,14.666422724228148,1,2,1,3,2,1,1,3,"Topic_1, Topic_2"
U021,C04,65,86,63,89,99,80,82,93,28.655187845273428,26.910005541149967,9.868173842633961,10.361056175725654,22.4388615305281,28.366108628898207,11.49544793391728,21.393206893365065,1,3,1,1,2,1,1,3,None
U022,C03,89,53,92,76,51,63,95,83,9.146717537006634,27.287556859710733,21.10960981131165,11.220751628211229,25.944702594028463,9.091307360452586,22.232678454519046,16.615247704478712,3,2,3,2,2,3,1,2,"Topic_2, Topic_5"
U022,C01,93,100,69,96,80,50,53,96,14.048044294922816,23.923766736021292,8.95711426635387,17.21352264419191,14.257705945748555,10.931357147112362,17.59201658986036,11.75470801222258,3,1,1,3,2,1,1,1,"Topic_6, Topic_7"
U023,C04,94,85,85,58,77,94,84,83,28.461346091683247,26.82792547650587,5.885204024878869,14.297480348464143,25.080964789275086,23.01631556222629,20.725636816870818,12.270344564551742,3,2,1,1,3,3,3,2,Topic_4
U024,C04,81,61,64,67,78,84,96,94,20.188326756547603,10.57831277394614,10.960949762154724,21.908828486287653,18.609582607083297,23.37313056361429,11.100703436133685,29.55464162179048,2,2,1,3,1,2,3,3,None
U025,C04,57,91,87,89,60,96,59,54,22.498193718869224,20.51170242543841,13.648672215305295,15.63045163787089,18.853758985681118,17.365233565779043,7.207941377997691,17.649714419607758,3,2,1,1,1,2,2,1,"Topic_1, Topic_7, Topic_8"
U025,C05,75,95,89,50,91,65,59,64,8.979821724475038,21.61253259733504,12.172163074570008,27.86074045614085,16.14882898302049,14.993851869133216,18.560732414915265,7.210703896343191,3,3,3,3,3,3,1,2,"Topic_4, Topic_7"
U026,C04,59,96,63,94,78,61,80,73,8.124451875662455,24.484471352794724,18.29698439836858,22.354243123926356,12.393767320320386,22.268782069583505,7.3237116730098375,26.847745987259884,3,1,1,2,2,1,3,2,Topic_1
U026,C03,92,89,84,94,84,73,66,50,9.123680445425194,22.12303468353185,13.280410561215925,17.006986943211913,10.10444296394866,20.900138013182342,14.872306665476025,8.09551537744191,2,1,2,1,1,2,2,2,Topic_8
U027,C01,71,80,63,64,96,82,76,92,27.329702517050336,25.69130916611315,14.198150796569193,27.40558097509729,18.57338738460148,8.778499307205884,20.617856208971826,23.576403401553883,1,2,3,2,1,1,2,2,None
U028,C01,96,75,83,55,97,90,96,74,21.482372125335157,28.777630140190105,25.98124710856906,19.768668232707377,18.199876233019765,22.555763928102632,21.942402819449377,27.348534293608875,2,1,1,2,2,1,1,2,Topic_4
U028,C03,80,62,100,57,90,88,50,98,28.117756925646052,5.6453799670259555,8.100540683440904,5.0534597979580695,17.677538038915735,18.84045208767953,21.89587969031251,25.551403418947416,2,2,1,3,2,2,1,3,"Topic_4, Topic_7"
U029,C02,93,87,75,72,80,76,78,92,18.511320858826664,7.526232965641956,11.587169148089426,7.491295183565451,18.261077189388303,7.61898365053439,27.39941374161129,8.655361177527737,1,3,1,2,1,1,3,1,None
U029,C03,78,54,60,92,94,83,86,89,22.58101914112046,27.742847057634737,9.331070932327812,5.068104235603786,9.180294693427797,27.175697661975814,22.892255566113814,17.909793629322685,2,1,3,3,2,2,1,2,Topic_2
U030,C05,71,59,83,79,64,73,85,78,11.166122978270181,15.1147057386374,13.871374189660946,27.27583688659539,6.924331898852078,11.200903501977365,23.185039744625445,5.317216260792433,1,2,1,1,1,2,2,2,Topic_2
U030,C01,70,55,58,79,76,93,88,73,27.194999880909105,13.691499089977292,12.241268284605784,25.13230761760865,13.148567777176453,8.480192868262197,14.728020886165528,27.42825345710508,3,1,2,3,2,3,1,1,"Topic_2, Topic_3"
U031,C03,82,60,90,75,52,70,89,100,29.114515394407423,22.054630659292723,14.302017338331822,20.41323274546356,7.718845045770463,12.021963270227468,17.75409633281129,17.18356323486224,1,1,3,3,3,2,2,3,Topic_5
U031,C04,72,70,80,88,51,95,72,95,19.500109808150775,25.086505485286178,12.147308909351374,13.11810078793831,15.032397999583257,7.792482856614628,10.899956834021143,26.0473496235945,1,2,1,3,1,1,3,1,Topic_5
U032,C05,51,87,62,93,58,50,62,60,9.130810279760631,9.696264463859148,26.324161850658264,27.443872666024287,7.364608716675804,18.65510396792716,13.58814832935851,24.334353881944498,1,2,1,1,2,2,1,1,"Topic_1, Topic_5, Topic_6"
U032,C01,86,63,65,87,95,50,70,70,29.04781394085522,15.894218875040657,17.445405441109138,10.64658331560752,16.266827029526986,15.537893337063098,18.76999409801463,25.11021483841877,3,1,1,3,3,1,2,3,Topic_6
U033,C03,79,57,65,60,97,76,50,81,12.562009026116945,20.33524676848337,18.768709443640557,7.097681618361483,5.914363319404493,11.762484187735376,13.384254668253693,19.477314803411865,2,2,2,3,3,3,3,3,"Topic_2, Topic_7"
U034,C01,80,96,56,95,92,74,51,57,28.87095615988775,11.910519526184952,16.905679561381312,19.578680369818862,14.317186235828379,21.839603941998195,17.140002820693564,6.6727356636508155,3,1,1,2,3,3,2,2,"Topic_3, Topic_7, Topic_8"
U034,C05,51,79,53,98,69,97,85,93,11.214381693932978,11.819244495615504,23.17856730140711,6.03831983780621,18.182844586569345,7.776932156357698,27.571075463055408,12.131671064769716,1,2,1,1,1,1,2,3,"Topic_1, Topic_3"
U035,C01,84,53,85,52,88,84,57,92,18.865148640863076,7.379958677258829,12.66349820118482,20.85136788557373,28.599408298267345,8.715704574763997,12.621449785330004,29.70217960949228,1,2,2,1,2,2,3,2,"Topic_2, Topic_4, Topic_7"
U035,C03,68,89,95,83,77,63,53,90,9.225290292819047,13.825637660153832,25.928833797826847,18.45858974320368,13.75747901577315,8.570212854496868,10.261467777675307,28.22069001989862,2,3,2,2,1,2,3,2,Topic_7
U036,C05,83,88,85,89,98,76,81,52,25.742823246321127,27.49447376555497,21.33324251640375,21.683266643419827,13.623959836114908,19.158138573166287,12.267355719789437,13.136980595760784,2,3,3,3,3,3,3,3,Topic_8
U036,C03,84,91,57,73,67,57,89,58,9.278507035656535,21.122280109303023,11.345447050216135,29.436062053093263,27.2384035932238,24.715088446126625,21.4790931532249,17.154491414275675,1,2,2,3,2,1,3,3,"Topic_3, Topic_6, Topic_8"
U037,C01,67,56,71,59,94,64,88,87,15.840007707467203,19.793124313189498,16.543862835190794,12.873392037764688,20.2660637960373,19.429815378933675,14.099336243530262,28.677667602084547,3,3,1,1,2,2,3,3,"Topic_2, Topic_4"
U038,C02,52,90,62,73,67,82,79,70,14.488519718696317,28.937280096751472,22.615914167516923,6.782556086711374,17.83649919685878,5.963000308040321,25.594326187996337,14.165708758382248,3,2,1,1,3,3,1,1,Topic_1
U039,C05,76,56,71,76,98,78,75,67,27.82257309411275,25.5343756356477,14.360113730040649,9.457284850010314,22.146124237011456,12.017463729531123,28.03558758261385,22.974295671089344,3,1,2,3,1,2,3,2,Topic_2
U039,C01,93,60,68,58,70,99,73,84,18.67095685199466,27.910797427015446,10.211593773439454,23.328904288649085,13.114008020606631,16.29850444146316,23.05469698529262,26.45145244192791,1,3,3,3,1,2,2,3,Topic_4
U040,C04,91,60,85,94,94,90,69,67,26.988997782453332,20.66856681857906,23.76639851569836,9.000810564894083,7.96115106376838,9.32497338010171,14.547316647329302,15.977951230983649,1,2,1,1,3,2,2,2,None
U041,C04,98,97,81,92,68,57,100,58,28.03569290505743,14.390614866347699,16.95124870473724,17.324762192187556,23.647857223842447,28.223461973687304,5.410686910302838,29.349658609235814,2,3,3,2,1,3,3,2,"Topic_6, Topic_8"
U041,C01,51,58,71,86,84,84,90,55,26.39932703073709,25.850860014553817,10.352082071499295,22.39580743833033,19.22377959445712,28.126889898198673,9.745496149376834,6.885643060312836,2,2,1,1,1,2,2,2,"Topic_1, Topic_2, Topic_8"
U042,C05,100,100,88,66,89,88,75,92,8.680469283160456,12.383853066583612,14.997242469537069,23.938678859954912,7.064933756359472,16.925689978841554,12.065255824557958,8.815512717546623,1,1,2,3,1,3,2,3,None
U042,C01,93,98,88,61,57,63,62,98,14.17851612603463,23.744028018848937,16.444848291048075,15.206758784469091,10.444041497463681,15.020432822095426,27.41008645846273,25.541894887952505,1,3,3,1,1,2,1,1,Topic_5
U043,C01,89,73,73,79,87,87,63,76,29.646912276503798,15.175130997992262,17.04613611828433,18.44728341754152,8.637600198760174,29.879544971606386,11.217141045048027,9.818800558713143,2,1,2,2,2,2,2,3,None
U043,C04,55,65,85,92,91,65,78,81,23.845871855660125,15.296552022400043,24.704136078488037,26.80963576530824,29.82785250591181,21.11995943072643,21.76925619104881,20.465043385759273,1,3,3,3,2,2,1,3,Topic_1
U044,C04,99,90,81,53,59,91,77,61,19.186752053480888,26.887953233766613,14.502798252645569,16.275977936176403,6.991810498648877,17.522787496244277,14.799836160073639,28.540567905362224,3,1,3,3,2,2,3,3,"Topic_4, Topic_5"
U045,C03,51,61,93,67,60,52,65,61,13.607106171043439,7.593193236645622,24.33215820446201,21.459658669279808,29.7082397988724,26.412533042230123,21.884084727087025,10.34766002774445,1,1,1,3,2,1,2,2,"Topic_1, Topic_6"
U045,C05,91,62,94,57,80,69,53,62,27.58907388918828,12.900076708889975,24.52428127210954,18.827844066301168,25.36677661742908,8.434260681239964,20.320054045798365,23.298193533417066,3,2,1,2,1,3,1,2,"Topic_4, Topic_7"
U046,C03,67,87,55,99,54,65,85,93,11.412182797267505,22.162258953384928,11.460042340015043,5.009024540728947,29.27447320761393,19.480042271580604,8.963369070876265,9.88479585596038,1,1,1,3,3,1,2,3,"Topic_3, Topic_5"
U046,C05,60,59,66,71,62,99,71,80,22.287583008572653,22.050496473552187,24.3754877149765,9.19724346171338,10.241557514554026,23.191912479646597,7.689877632095911,20.606943322176164,1,1,2,1,1,3,2,1,Topic_2
U047,C03,96,81,58,51,99,60,86,62,15.352478620192116,9.038197644011813,13.324818101209717,16.58023913203818,23.427133612679263,8.526801799180223,23.55411834457108,18.228680156575823,3,3,1,3,3,3,3,1,"Topic_3, Topic_4"
U047,C01,71,78,86,58,100,76,63,96,18.637769501533732,26.4862271242145,11.194510479599103,19.884426549589975,16.237171490802517,14.767650499550115,22.232596569428445,18.851007581057395,1,2,3,1,1,2,1,1,Topic_4
U048,C04,95,75,87,89,66,82,100,80,28.997756104260525,29.54829891839172,24.665640405232594,19.449087802976692,5.595190954631112,8.188897549368372,7.238610796413498,29.092734910834643,2,1,1,3,1,3,1,3,None
U049,C05,51,69,54,61,97,58,63,95,11.175641042473451,26.837069779127262,13.53761987268343,22.48127215812452,9.219954028121306,16.32028105781108,8.044464410406098,6.2795876916787545,2,2,3,3,1,3,1,3,"Topic_1, Topic_3, Topic_6"
U050,C04,68,95,93,85,96,50,71,68,13.444916265302954,14.112929598099834,19.7198677466545,19.005515783192976,17.950565507095767,11.772316311450343,24.538037170037164,8.0537803744496,1,2,1,2,3,1,1,1,Topic_6
U051,C02,70,82,84,63,97,91,87,87,25.01413844593997,20.37969640700284,17.049929066555293,25.258278808831314,21.14652520559143,18.99358925713102,8.704743602203497,24.04610565078723,3,2,3,1,3,3,3,3,None
U052,C04,62,99,92,87,69,56,61,85,5.310963666665217,21.285860734854158,25.22300025565857,16.560008114468218,6.280499234699928,8.099094359927252,29.201511885449932,12.58959685429108,2,3,1,2,3,1,1,3,Topic_6
U053,C02,83,96,64,81,94,100,88,76,18.058417097855155,5.139749298529288,20.35193622591848,20.779522802282337,19.548538643481656,25.944356477065146,21.372402282136665,18.187342787211872,2,1,2,3,3,2,2,2,None
U053,C04,97,58,62,89,90,99,100,66,20.964940195888936,15.106539951572513,18.03711527942928,20.25090808113825,8.366025028222353,5.121075935375536,6.5279285046043425,20.714073261340907,2,2,1,3,3,2,1,2,Topic_2
U054,C03,55,71,63,68,72,72,62,50,14.684996850220081,13.856629345260336,10.91147863775793,28.837404855926206,27.083129566018453,13.9779035626589,25.060108163740917,5.170286504589937,2,2,3,1,2,1,2,2,"Topic_1, Topic_8"
U054,C01,76,76,79,73,52,98,53,98,14.183971700112743,19.02613607898123,16.453617313814114,28.835711308925944,9.8114154704046,6.037426881733319,9.429949684634988,16.55634079006004,3,3,3,1,1,3,2,1,"Topic_5, Topic_7"
U055,C01,94,83,64,96,56,52,86,88,29.865760028227594,25.87706957329278,14.858071070785998,19.791738855574472,28.240048069702816,26.933155052022528,24.994916234152083,10.127211911966157,3,3,3,2,3,3,2,1,"Topic_5, Topic_6"
U056,C01,61,75,73,79,58,80,89,79,17.6573498815579,20.61564495386097,11.62941532980841,10.93297024024066,20.592062608651695,14.693710115021718,22.302254973007102,21.978115874254076,1,1,2,2,3,3,3,1,Topic_5
U056,C02,83,91,62,55,52,97,58,57,27.266598383895545,25.074626553244737,13.97537152727747,25.85981865386813,6.667551715870569,26.363871423290398,19.24354151140428,29.203910806969215,2,3,2,3,2,1,2,2,"Topic_4, Topic_5, Topic_7, Topic_8"
U057,C04,74,91,92,82,70,62,73,63,11.457800682989168,23.26918053644466,11.764611789464006,18.343228769461188,29.944259131135492,24.168989277582018,17.340189293887086,29.590496894424568,2,1,3,3,3,2,2,2,None
U057,C01,87,73,86,71,56,82,88,78,29.405037234386754,15.875041494714239,18.793674332608795,13.388759189575918,20.97497118786465,7.965452198463164,15.465585149863935,16.696037202319115,2,1,3,3,2,2,1,2,Topic_5
U058,C03,86,71,86,70,100,73,91,51,11.078289408121986,8.592695330707961,9.519225959887693,21.83086980775001,27.657902089530438,24.21566880971267,12.878729791748857,6.493953452051194,1,3,1,3,1,1,3,1,Topic_8
U058,C05,62,52,56,84,70,78,69,91,24.515669829119325,18.59546895804712,13.73396691651966,18.504466566932088,5.655710472822587,13.06803698364752,19.956445456936557,22.148624116192526,1,1,2,1,1,2,2,3,"Topic_2, Topic_3"
U059,C05,81,80,90,62,73,88,59,75,27.986718541023578,29.979919666233364,10.828630752161176,16.492987032445882,6.690819756324672,22.525001721554553,17.119456187578116,7.424800538172176,2,3,3,3,2,3,3,3,Topic_7
U060,C05,54,97,83,85,93,92,97,93,6.186281767698502,13.93874110833835,19.449252673517194,11.558393569800021,14.079836643455428,25.62251629865998,5.872320768410223,6.94084367455091,1,1,1,2,2,3,3,3,Topic_1
U060,C02,74,80,56,62,97,78,91,82,21.148785703826714,12.189100566848625,14.620347643100342,27.24441955920656,27.08574945329411,25.508703715400074,15.566373200367728,13.70312058656268,3,3,2,2,2,1,1,2,Topic_3
U061,C04,58,76,78,66,65,84,70,81,11.1474958356855,29.600926230257773,10.070120306417774,25.969678813857275,22.105553681697884,10.919555886610983,8.009359298531624,23.876842993164086,2,1,3,3,1,1,3,2,Topic_1
U062,C05,75,52,99,70,64,65,65,71,12.890922745849544,12.881664654443965,24.246344605091757,18.886879789755064,27.41272597291495,22.54707767611878,19.846980351713984,6.39779187838818,2,1,1,2,1,2,1,3,Topic_2
U062,C01,89,68,72,67,72,68,89,81,6.306814575348087,21.855496712421488,14.210369686122286,20.05644683837472,27.80712498297858,28.255823754221105,19.329303883656124,26.365682106759774,3,3,1,3,2,1,2,3,None
U063,C05,61,70,83,94,63,88,55,99,7.797358599765898,18.577658240206574,21.0837616073118,8.732881642647085,24.842239010689568,21.266818872312243,19.302486702597598,16.425962583829353,1,2,1,3,3,3,3,1,Topic_7
U063,C03,95,91,63,74,96,90,55,53,19.16391706437148,27.32071378440838,27.681539710989668,12.628374042979846,20.35763525752721,23.089568103074228,12.191054959532172,20.361063989555113,1,2,2,1,1,2,3,1,"Topic_7, Topic_8"
U064,C03,95,86,95,89,96,99,76,80,6.569945569604537,27.336317501242878,26.819490087815428,26.965561554725166,22.932596396265087,8.860679877842635,25.565026548848607,14.32892627815379,2,2,1,2,2,2,2,1,None
U065,C01,95,74,80,71,74,94,79,71,18.420757192043286,20.439951214538752,28.505180977302796,24.900482704764492,25.904108117258478,25.52103702722798,20.335669668947475,25.6181719958224,1,3,1,1,2,2,3,2,None
U066,C04,97,69,51,76,66,51,74,82,28.04603015979957,17.769894619037224,15.274082365200682,17.659966170467158,8.929957873440179,16.15286880825953,7.812592532827585,19.450427108852786,3,2,3,1,1,1,2,1,"Topic_3, Topic_6"
U067,C05,79,63,78,60,70,77,50,75,14.337872484847654,21.45104217191188,7.343592660690303,28.934806798460418,26.803415192319434,14.468814879327589,16.621228428648394,14.246964102596852,2,1,1,3,3,3,3,3,Topic_7
U068,C05,79,87,59,77,61,68,87,58,19.22832310718397,16.141791030154792,18.610149591237217,5.8196916988366665,8.40193459171251,8.013063162290846,7.970796392859437,5.288723136244787,3,3,3,2,1,3,2,2,"Topic_3, Topic_8"
U068,C03,57,62,62,69,61,71,97,68,12.398988058829598,11.140994578504245,14.421763475050604,17.63542010614774,27.520628405711452,26.057317032060304,11.732774518951622,25.162400706612658,2,3,3,2,3,2,2,2,Topic_1
U069,C04,52,98,75,96,50,95,69,87,7.0336746299332855,22.499774756189773,17.83737634799938,9.769856185643224,28.478918630891087,16.393839396698745,26.51787909333993,11.427968004532072,1,3,2,3,1,2,1,3,"Topic_1, Topic_5"
U070,C02,90,71,96,56,68,67,86,76,15.82998720507137,25.725897869352647,28.872008786508147,13.337484596476589,29.895537303202193,16.893776400162427,16.987916072639415,19.922144197663954,3,1,1,1,3,2,2,2,Topic_4
U071,C03,98,92,99,76,71,85,75,60,9.630604963376904,27.288072244447914,28.21515938777469,29.99968125205218,18.886542897838854,26.704024513873296,13.67155351414982,25.71427220143581,1,1,2,1,1,2,1,2,None
U071,C01,66,62,55,51,98,53,69,54,11.15706092884422,17.759816223244407,6.406504142672027,21.340505295280973,18.819063177044075,13.534652264329345,26.710503675965768,23.626372361656557,1,3,3,2,1,3,3,3,"Topic_3, Topic_4, Topic_6, Topic_8"
U072,C05,64,79,58,75,63,51,80,81,20.3884311435246,21.767206125249945,13.663185924327852,12.345112885026591,7.955262503016559,20.783641139421423,8.065885520992204,20.943352477637013,1,3,2,2,1,3,3,3,"Topic_3, Topic_6"
U073,C02,60,100,59,78,97,57,73,60,8.35435045326725,17.303613703833616,10.957574178408258,16.22292719521346,12.28200589924074,16.070772419111833,28.23622925092332,9.456249252754539,2,1,2,1,2,2,3,2,"Topic_3, Topic_6"
U074,C02,70,87,83,61,80,69,76,87,16.792932469582908,24.346536451314442,25.871974834776836,18.78904904550204,18.207491915057147,24.96074613762298,20.817923197930448,20.86766820396469,2,1,2,1,3,2,3,1,None
U075,C03,86,80,82,92,92,92,90,81,21.16290764813014,7.451055980104147,9.11232210211842,16.783399870263732,23.596362447521187,11.629925327279214,22.43270398269352,24.168590636323646,1,1,2,3,1,2,2,1,None
U076,C05,66,90,89,81,78,82,77,86,27.50271688772233,23.068322239195584,8.054459035629714,25.87345638268108,16.605920534720376,28.71328623057338,28.100544596443566,26.172851031512206,3,2,2,1,2,1,3,3,None
U076,C02,61,66,60,59,55,98,90,83,9.372797385533222,26.965759548955507,28.85280095848243,24.524258861029615,6.690148177780696,26.274530395016896,25.705449896809878,11.286707456222238,3,3,3,3,3,3,1,1,"Topic_4, Topic_5"
U077,C04,80,85,100,96,70,85,61,87,7.26055949264371,6.838089271196725,27.666546184077728,22.78064136362988,27.222650564097695,9.150596829613033,7.209643686487942,27.973891931865538,2,1,3,2,2,3,2,3,None
U077,C02,95,88,87,61,78,70,96,77,23.573705543305493,25.66311360811093,6.754266007307753,16.989412955852174,12.240237985409559,25.07556806065439,12.866761799864594,18.715331534746827,3,3,3,2,1,2,3,1,None
U078,C01,97,55,69,99,53,66,65,53,22.200909316982287,8.742879485057085,19.319827065671923,29.98188332498818,6.716839892963451,14.1685974544817,10.023057821139265,7.053821692964117,3,1,3,2,2,1,1,3,"Topic_2, Topic_5, Topic_8"
U078,C03,93,81,69,68,69,65,63,80,13.252887836863529,5.212416070558547,9.79643631274941,17.043216421581114,14.24929694715285,6.341760992552821,14.94067184714656,16.283657735500157,3,2,2,3,1,3,3,3,None
U079,C01,72,97,99,93,67,86,84,76,14.966690265865319,23.945795556972065,27.225823612611766,20.63300565710957,15.626772690256875,8.81718652013004,28.815629960604532,26.34780298087233,2,2,3,3,2,1,2,1,None
U079,C03,51,100,89,77,95,60,87,79,15.819415623487732,14.195839424146435,15.010553586919912,18.748239340756363,11.059536506276341,9.465533488576668,10.440365687513296,18.272944347053496,1,1,3,3,1,3,3,3,Topic_1
U080,C05,56,78,60,75,57,72,88,53,24.55693790389255,11.708697542669405,22.43082391833962,13.317860967586272,18.27139293975212,10.617804736976378,16.37679327371962,11.939946654895929,1,3,3,1,2,2,1,2,"Topic_1, Topic_5, Topic_8"
U080,C03,64,92,54,58,56,63,70,84,19.18924213502008,8.771850857499203,13.459176095858423,16.18773958979466,27.692533628265718,28.421469817992893,14.372948702403955,5.772708753028195,3,2,2,2,3,3,3,2,"Topic_3, Topic_4, Topic_5"
U081,C05,70,66,80,100,79,69,86,76,8.834516720503009,23.083536496908707,15.46710842392819,16.512388508330552,19.315134851492388,11.727653894230665,21.596855053393256,10.346147258520382,1,3,3,3,1,2,3,3,None
U082,C04,78,80,97,52,52,59,71,60,6.342659900721488,28.19157498459162,9.55898688677427,15.510303500895638,29.87006317220705,21.616816113863976,16.310194328916843,11.556434887177847,1,2,2,3,1,2,2,3,"Topic_4, Topic_5, Topic_6"
U082,C02,81,54,92,57,77,79,55,78,29.49461197063059,16.368513422759456,18.219412594574322,20.085693942979205,9.057371316435201,16.331117279277954,26.656045069359376,12.213252323250739,2,2,1,2,1,2,2,3,"Topic_2, Topic_4, Topic_7"
U083,C01,84,84,85,62,94,56,83,100,17.390689253757586,17.022614582266804,9.006777208496974,15.091092043511212,27.910952802407,10.398581650055448,7.2497644670862185,27.83468920992135,3,2,3,2,2,3,2,1,Topic_6
U084,C04,55,67,76,61,81,59,54,51,29.054538995855037,15.100112419708942,28.536229499088844,12.213493829810897,21.886016596727135,23.139793101281125,15.570307455263048,29.37813636659431,3,3,3,2,3,1,1,2,"Topic_1, Topic_6, Topic_7, Topic_8"
U084,C02,91,52,62,78,82,68,93,95,22.28884326224484,27.78272264074216,5.425596983238677,28.54187294897238,17.081067567710534,14.105138737747554,6.206588934722652,15.602619214469383,2,3,1,3,1,1,1,2,Topic_2
U085,C02,89,69,96,91,77,80,78,67,17.973441637531458,24.64092576402648,5.460874636203659,24.155059353853055,19.7094403205159,27.632670653868892,19.083079722729735,27.899678680090638,3,2,3,3,2,2,1,3,None
U086,C04,84,51,100,51,53,70,77,60,5.205547369608173,5.369035326415998,8.910808007128777,21.24508543132148,15.853444048529626,16.2856282719221,13.05989789416183,14.282697285987682,2,2,1,1,2,2,3,2,"Topic_2, Topic_4, Topic_5"
U087,C04,76,77,91,72,75,58,77,69,19.355359900519062,29.29232405482105,13.345248828540456,5.864641084186172,11.226249752985446,11.252548800841517,5.288327289075588,8.56137334158496,1,3,2,3,3,2,1,3,Topic_6
U088,C01,92,60,93,59,67,67,81,63,9.17514058495172,6.033611165032716,18.68354733556439,18.97168271321821,22.995869638343763,21.241165508926027,7.250466929745851,29.80625485187378,3,1,2,1,3,1,2,3,Topic_4
U089,C01,70,75,52,55,59,94,69,77,22.66027498788521,29.79141074827821,11.194229361265046,17.414609443700037,7.131840242620187,26.686073602512753,24.174377987798277,24.381808445453867,2,2,1,3,3,1,3,1,"Topic_3, Topic_4, Topic_5"
U090,C05,98,53,64,97,97,62,62,85,27.732089547856404,29.618902405803954,14.327801928171334,27.82986147131145,11.689534384748399,7.278321255376781,5.855047039377737,16.857695884320826,3,2,1,2,2,1,1,1,Topic_2
U090,C01,65,90,85,92,58,86,71,99,12.025324159401302,23.38200139110276,14.177184448261553,13.063202335321245,11.210280365642639,5.286936457498749,11.597173859496621,28.1305481185761,3,2,2,3,1,3,3,2,Topic_5
U091,C01,99,88,64,83,50,63,93,92,29.487058852179185,28.446376044691426,5.0067174225330895,17.552831682693647,5.26381570489584,29.619070581394052,18.722185768657837,29.864352158204664,1,3,1,2,1,1,2,3,Topic_5
U091,C02,92,89,65,88,79,92,57,66,7.579456726226925,13.32127285889214,28.730218659775776,14.487955452677777,24.3288986325642,7.185698461660385,8.045057510647952,6.183442765940851,2,1,2,3,3,3,2,3,Topic_7
U092,C02,64,53,55,76,60,80,87,74,11.420297919817845,24.041626556697178,14.995148259709138,7.933410826631053,17.294841589872618,13.991172871636941,23.165733767434315,18.63060132692241,1,2,3,2,2,2,1,2,"Topic_2, Topic_3"
U093,C05,100,65,67,91,81,79,82,66,16.594972459757415,11.459667087088622,25.697000463326027,9.04226513642122,20.097737432591067,21.353135156432597,22.356797883600354,26.79482302300372,2,3,3,1,1,2,1,3,None
U093,C04,80,88,76,99,83,69,97,93,20.06143920862357,6.171799816451244,28.569118823786734,24.687081270430724,29.509125979363276,18.636259060417622,16.05545064780026,16.374625174599966,1,3,2,2,2,1,1,3,None
U094,C05,73,76,73,74,86,82,57,62,15.985325960207204,5.261412211612014,29.68477514244185,5.191971901481811,25.912819250170575,18.586825452323623,24.285268446493582,16.61574638435758,2,3,3,3,1,3,1,1,Topic_7
U095,C02,75,64,72,60,99,100,76,76,27.14870159232584,20.45940860819826,18.790265115916167,8.6858773041648,6.6714560075058085,13.94739316683831,17.448863222735184,19.651391899153463,1,3,1,1,3,2,3,2,None
U095,C01,73,63,84,54,86,61,59,100,12.589743967317887,23.427307820268627,19.883051910208437,10.043784351670391,16.1225404846833,16.378171176751096,14.345890881574457,9.081428598960668,1,2,1,3,3,1,3,2,"Topic_4, Topic_7"
U096,C05,85,72,95,97,99,78,77,54,6.253514623268293,18.77071574161924,14.821601649595127,23.303188213825898,9.778463840830613,29.684818638361364,10.430783137684111,12.453828752027947,1,2,3,2,2,2,3,1,Topic_8
U097,C05,91,62,98,89,55,79,62,75,14.802527115918783,21.654855670372694,12.465017465051046,8.696550893000786,20.413272205273373,25.28355889554638,7.213212850727267,19.229230120261086,3,1,1,2,3,3,2,1,Topic_5
U098,C01,71,70,95,94,72,50,99,100,22.621169366608097,19.961906055689045,20.742395514419023,14.673796369533541,22.770572877769357,27.615536101543423,6.573186390274348,17.224438046011457,2,2,2,3,1,3,1,3,Topic_6
U098,C05,92,73,88,92,73,81,85,87,5.144995118944916,26.899296941770885,23.627250944397186,28.79085126628179,7.501072442324073,19.10287389904397,28.133569383060514,18.850840320556202,1,2,2,3,1,3,2,2,None
U099,C01,78,80,56,98,50,52,100,74,18.83759138671905,15.655143591179481,11.569550768566568,26.24963526927211,12.07365289059364,16.3499808858284,26.430270297647727,16.858358275177725,1,1,1,2,2,2,1,3,"Topic_3, Topic_5, Topic_6"
U100,C02,90,92,59,89,87,76,58,100,14.649332648006926,20.655168061789023,22.915796479166396,12.76208283696809,10.053040948850379,12.573840759326824,6.152852057436018,20.824853434889363,3,1,2,2,2,3,1,3,"Topic_3, Topic_7"
U100,C04,56,97,82,96,57,78,94,53,22.088325409314624,23.078661185530024,5.931254184057151,11.91624319020514,24.094285112635813,15.550105051563149,28.114959179800408,19.675661234160643,3,1,3,3,2,2,3,3,"Topic_1, Topic_5, Topic_8"
U101,C04,66,67,91,76,77,86,82,57,25.487678837337526,10.096391408586209,5.996070315818826,15.197231940412383,21.789464215476382,25.30938503559268,9.931288935544373,9.736549652134496,3,2,2,2,1,2,2,3,Topic_8
U101,C02,90,69,96,68,85,71,70,73,16.01527656956024,22.14053994317037,19.51204465744212,24.03174826210369,21.893482142621934,25.011756920132918,8.694079089141642,23.777629746363537,1,1,2,1,2,2,1,2,None
U102,C01,84,81,85,80,83,65,66,74,6.614078695124963,12.508376017703867,29.724442125287258,21.60690755099619,17.394199134117006,5.7744252269976215,9.028103667883729,22.100469780222674,3,3,2,1,2,1,3,2,None
U103,C01,99,78,61,72,59,93,72,89,27.679513781318697,23.577532404289716,21.744559642712574,24.54044354011579,7.180562986984031,5.176544565001172,22.543983319722532,9.855912525354995,2,3,3,2,1,3,1,1,Topic_5
U103,C05,53,86,71,83,100,74,77,93,23.796075185846558,11.25331802620516,7.154812719659341,6.08947297339175,16.762453342821228,11.708218487915193,15.828349009420682,13.916840511628019,1,2,3,1,2,3,3,2,Topic_1
U104,C03,63,80,83,96,73,61,51,79,29.063756377183758,23.487218602996037,18.702710134302592,13.159947924289188,29.58951073639062,15.07799632847806,23.10763210730819,10.354940869076515,3,2,3,1,3,2,3,1,Topic_7
U104,C05,93,81,88,70,52,52,51,80,26.877998980284932,18.40021000232101,24.977106801762723,19.566379326562647,21.299007070608166,20.157608804004067,11.685971744372882,21.00083014616468,1,2,3,2,3,2,1,3,"Topic_5, Topic_6, Topic_7"
U105,C01,67,73,90,78,85,77,76,69,21.301607169192025,20.00098682560845,23.64381316380038,11.932458511542306,27.55005639434821,15.404518856938013,16.677301128984745,10.580681782475422,1,2,1,1,3,2,3,1,None
U106,C04,82,97,78,77,57,75,55,68,27.726226951964463,6.944934966077344,14.30116403280786,7.370566347548831,15.088067596034794,14.239412414751245,17.947416593371386,29.91591214996478,1,2,3,2,2,2,2,2,"Topic_5, Topic_7"
U106,C05,100,53,89,74,67,74,88,99,24.185731832366276,23.38556953839645,21.87394998802489,19.017293313726015,16.441759809485617,6.9310094949896355,24.919504940225043,15.408602923444077,2,3,3,1,1,1,3,1,Topic_2
U107,C04,81,86,69,84,69,94,81,59,27.78231566002732,7.5030146604567705,13.534349659401256,6.352209514102998,11.205492303317037,19.267407047360997,29.81746572925734,20.869861802691556,3,3,2,2,1,3,2,3,Topic_8
U107,C03,55,69,61,60,76,80,97,89,11.767715918776066,7.824193716941653,18.530064631790726,7.813896507999194,10.433758446851432,7.451172878841366,25.31373981006764,11.801905858534527,2,2,3,1,3,1,3,1,Topic_1
U108,C02,65,98,56,88,73,66,100,74,23.462286621540763,19.65621723313145,15.995101896234852,18.89577650514226,21.218993144476602,21.820994644518418,17.211184253645307,29.918217590583595,3,1,1,3,2,1,3,3,Topic_3
U108,C05,79,92,90,73,68,67,85,52,13.562647134041534,21.481686286602084,18.605551590369238,18.17018615708375,28.317212269611208,29.541186328349163,17.20609299388488,26.339729844803642,2,1,1,3,3,2,3,3,Topic_8
U109,C05,55,51,98,51,77,58,74,50,20.35670946726949,24.996180089368057,26.09774890169114,7.622290659028323,19.05408268585235,13.655733779614621,8.535806036045749,21.654783031421477,1,1,2,1,3,3,3,3,"Topic_1, Topic_2, Topic_4, Topic_6, Topic_8"
U110,C03,70,91,90,96,82,65,60,63,5.948571104246828,19.222812637020652,7.934756936317748,20.88740144997356,13.854775451462096,12.474805265566198,24.445730166649096,14.705224965468847,3,2,2,1,2,2,1,1,None
U110,C02,52,90,94,65,87,92,94,59,29.565944462159024,14.505521787591492,21.945648721433166,17.808945579334583,27.123675495411174,25.366793053156957,29.96277462537584,12.355498052264714,3,1,2,1,1,3,2,1,"Topic_1, Topic_8"
U111,C01,55,50,87,76,65,71,63,87,27.39329537662245,21.449464409335455,22.11675354756973,23.494760106870498,24.24616608630152,21.677784009774342,12.75795177580607,28.39976531092943,1,2,3,3,1,1,3,2,"Topic_1, Topic_2"
U112,C03,100,57,64,59,81,84,54,80,13.373903206807585,23.778303427557702,26.352429478153788,8.578588578197254,15.72823016373537,10.958503087962033,24.80476396096416,13.774973890344667,2,1,2,3,2,3,2,3,"Topic_2, Topic_4, Topic_7"
U112,C02,77,99,80,90,94,78,58,74,21.116056103087605,29.543688009341974,5.78401162710596,24.049725305248668,8.277467988196413,6.700014962286081,7.435313667153826,14.33998706218232,2,3,3,1,3,1,1,3,Topic_7
U113,C02,95,85,95,84,60,91,51,59,16.019846123021537,24.6694490796768,12.556124210987006,17.88234407315873,14.453704471738748,6.930846699977856,23.453082773595593,5.364154854616872,1,1,1,1,2,2,2,1,"Topic_7, Topic_8"
U114,C04,89,97,93,67,60,81,73,66,8.609991610154045,10.337794121133014,28.9163990479679,7.736318812225393,19.979659259266597,19.941788294217393,11.918710424823505,16.238786974428674,2,1,3,2,1,3,2,1,None
U114,C02,87,92,64,57,90,81,81,58,20.89164674093917,24.659366021888758,29.910907976757006,20.902160435500114,21.968072565923713,18.923876961955187,24.638555277806358,19.44120317004507,2,2,3,3,1,2,2,1,"Topic_4, Topic_8"
U115,C04,96,83,93,51,85,98,50,61,7.916495910263148,13.863019975015545,18.232817101672495,5.592410616731989,19.973913583460533,10.472933256122936,20.827929182993834,23.752162300351426,2,3,3,2,3,3,1,2,"Topic_4, Topic_7"
U116,C04,51,56,60,87,72,53,86,80,7.051151888252353,21.249296637523354,7.695157709490561,27.661608097552968,10.157792293080455,18.153370755602495,28.33042906352271,15.411130403223895,2,2,2,3,2,2,3,3,"Topic_1, Topic_2, Topic_6"
U117,C04,97,55,77,81,78,78,55,62,25.94849982817042,17.048958493086378,17.743944861687993,6.040645384039424,12.705663590753016,25.809705472375697,22.9690798315224,7.02782761365582,3,3,2,1,3,3,3,3,"Topic_2, Topic_7"
U117,C01,56,96,68,60,92,60,82,80,19.751647698061223,9.764433902108001,19.04479725233432,17.384627124399547,28.109221985479678,6.678698203745855,6.680654842358839,22.48470759424017,2,3,3,1,1,3,3,3,Topic_1
U118,C02,83,95,94,97,51,76,76,80,12.063238315713694,14.753191022406776,11.269333833287119,11.558595138617783,10.080510401628743,5.296206453153788,12.12269674988476,16.194080780181523,2,1,1,3,2,2,1,3,Topic_5
U119,C05,63,82,99,91,76,88,52,77,11.376726407756047,11.498946299262235,10.463909852730929,20.317812645047162,16.41975429004721,26.077497562481547,17.437760003235148,6.279622063321648,1,3,1,2,3,2,3,2,Topic_7
U120,C02,60,71,61,82,78,96,56,99,29.377707392130066,7.747403008157695,29.666172742112494,17.066421376222802,25.96019126864045,18.411632842016942,25.494738500394604,13.500218921730774,2,1,3,3,1,3,2,3,Topic_7
U120,C05,96,63,71,87,81,87,93,94,23.64306359316895,19.454477129189257,18.75775460130142,22.833564254204912,10.0122782393648,29.8076886293319,8.99715306532724,20.012431609988383,1,3,2,3,2,3,3,1,None
U121,C05,50,76,91,64,61,76,92,84,21.732569967691603,23.04673997900382,6.93044542388861,6.784724491178288,27.94121006496103,11.7760749349227,23.224441170844592,20.570200127098666,2,1,3,2,3,2,1,1,Topic_1
U122,C04,70,74,70,65,80,59,64,99,21.87016954222925,22.73569542412686,20.685843412857857,17.606034313299887,29.664446571380044,26.832865585943473,14.894050734021711,7.961979766962991,2,1,3,2,2,2,3,1,Topic_6
U123,C02,63,56,57,78,67,57,92,71,28.11043350365091,18.821215206015754,17.2827412082626,5.038439661410647,20.24382150880458,16.805154209947844,21.31883473464371,22.16782631134701,3,1,2,3,3,3,2,1,"Topic_2, Topic_3, Topic_6"
U124,C04,82,88,100,77,50,93,93,88,7.320783481723438,8.3499841114923,9.36139767911461,12.881767085974651,12.85916706950755,29.531339707653522,11.626344167814594,6.71910098521548,1,2,3,3,1,2,3,1,Topic_5
U124,C02,96,92,50,99,80,97,73,55,22.08922337394398,15.535123510412491,8.545771435095885,7.0396249123313055,11.6259829996022,9.694053598850678,17.996267565867903,5.480632684921206,1,2,1,2,3,2,3,1,"Topic_3, Topic_8"
U125,C05,88,77,92,83,87,84,75,77,11.772839321798259,9.713959531341914,6.519341483936632,17.190070958460417,28.44609293694619,18.32016856583899,10.975426887978688,14.152621287560237,3,1,3,3,2,3,3,3,None
U125,C01,63,78,96,52,73,92,50,57,19.937267373529075,7.068003170029825,7.705727221031176,28.858878478864977,18.702604284444583,15.480700277058439,12.980120851489195,8.036949134446775,3,1,2,3,3,3,1,3,"Topic_4, Topic_7, Topic_8"
U126,C03,84,100,96,91,78,61,54,64,21.231396363740753,7.422033313985278,13.773888455311699,13.790621002960439,25.35635809322463,27.60994388797093,28.932316497525292,10.690408240003508,1,1,3,2,3,1,1,1,Topic_7
U126,C04,65,74,87,74,56,97,71,80,10.878693583535991,7.545597950015111,17.4502825877723,22.46809183849142,11.959570833126982,11.591835907939425,24.04562286316057,27.260894020594723,1,2,2,3,1,2,3,2,Topic_5
U127,C01,70,79,86,52,57,75,82,73,10.090140804592963,25.462502060253673,27.54657290344435,15.858152105690117,26.37252361219332,22.600043170250053,6.845185039527952,29.018182829710785,2,2,2,3,3,3,1,2,"Topic_4, Topic_5"
U127,C05,54,58,52,54,59,61,83,50,12.034904312251605,19.156548437831333,24.175491511386944,12.50602572638935,14.975231388788089,12.992348950773861,20.90088937896937,17.494898659170822,3,1,2,1,3,1,1,3,"Topic_1, Topic_2, Topic_3, Topic_4, Topic_5, Topic_8"
U128,C03,66,100,99,74,76,72,92,75,5.520302001220996,11.422610386988106,6.042017374445186,24.09812199232907,29.927071676311726,19.109840979643934,20.07251364544458,9.845533458297785,3,2,2,1,2,1,2,2,None
U129,C01,74,73,57,60,96,93,77,76,27.708597012671934,20.675082543764752,5.479196303093057,22.51091252364196,10.153584237282722,21.565720025170222,25.840853046078657,26.279555156529952,1,3,2,2,2,2,3,2,Topic_3
U130,C02,55,95,90,86,91,94,56,90,20.626764171146554,23.463263488167875,12.59174137000418,13.173876607989424,29.32292560605978,13.176824710597952,28.577387042178753,25.563116428959248,1,1,3,1,2,3,1,1,"Topic_1, Topic_7"
U131,C02,51,74,59,88,92,76,52,87,16.444188239257084,9.412803995160502,11.542651541790871,22.102297381555342,11.60042908038356,26.459664726490896,22.7154320795238,9.364379502362183,3,2,2,3,1,2,1,3,"Topic_1, Topic_3, Topic_7"
U132,C02,54,57,57,89,71,85,79,64,22.769514819008194,18.64877453426005,16.471311112596766,17.182403074436223,24.06799157128523,18.387546776298784,26.706554250550123,29.851595731234582,2,1,1,1,3,2,2,1,"Topic_1, Topic_2, Topic_3"
U133,C04,72,55,93,87,82,93,56,81,15.558788910711936,14.915639749310396,12.09351483110558,20.39761592205923,29.99387415778288,18.976850432183376,9.177432514944845,14.469714273081605,2,1,3,3,1,3,3,3,"Topic_2, Topic_7"
U134,C04,52,99,66,78,94,90,86,75,28.93436986219153,6.250035331105662,20.927797660531418,7.7609100529683595,23.10977833423034,9.76296068990221,22.143921754585495,13.828693226119183,2,2,2,2,2,3,2,1,Topic_1
U134,C01,82,74,96,79,95,75,73,50,20.318813941661,12.47566324427128,9.864392296097385,7.735222636610802,27.817750771620553,14.910585016993606,12.29835633834881,29.76131831545181,1,1,3,1,2,3,1,3,Topic_8
U135,C05,99,88,79,57,60,65,78,80,17.07787380242153,27.916638544914676,17.670082411833647,29.690220608875467,5.7494513571596,22.429737360274224,28.648567411648415,28.372255248033323,1,2,3,1,3,3,3,3,Topic_4
U135,C02,52,89,71,90,67,81,86,97,29.413160508197187,28.71589479667656,14.335897925690324,9.146634641346855,23.854999859033708,21.468245224926086,13.239572093833683,6.310560072433741,3,1,2,3,1,3,2,1,Topic_1
U136,C02,66,96,84,65,58,64,70,92,12.300603541957676,22.567449819774183,27.524161747620763,25.169653609349965,25.233520102314063,20.0771085494484,13.724652766207486,27.98057169662089,3,1,2,3,2,3,3,3,Topic_5
U136,C01,59,81,100,60,54,96,86,66,24.873148781027723,18.27791373916458,11.80346316538419,20.102089149908462,26.18542714326753,12.106519007492096,7.363398606564851,22.536898529296636,3,1,3,1,3,3,1,1,"Topic_1, Topic_5"
U137,C05,86,51,84,53,76,96,58,94,26.662856398896523,22.30674817087095,15.935995568380866,9.356911638632313,16.05012512466125,8.108620161101195,23.531681894069056,22.683420360976317,1,2,3,2,3,1,1,2,"Topic_2, Topic_4, Topic_7"
U138,C03,77,71,83,73,68,61,95,86,27.255933688661553,7.061373462734926,27.625171682931267,20.045330013673507,16.426172837928018,20.116951765494434,9.725673050323204,9.01508479632302,2,3,3,3,1,1,3,1,None
U139,C02,77,97,76,81,95,80,58,83,17.096691335701067,10.78085930006268,12.646421477800072,14.081215340307319,12.295617000127999,8.35247387698752,23.569703245498374,17.074723851247285,2,2,2,2,1,3,3,3,Topic_7
U140,C01,96,62,52,84,87,79,66,86,22.02156850607385,10.433414856478974,24.557130814081688,26.63289178472918,17.74632981292101,16.533107333870532,17.49147094186247,5.53036229278535,1,2,3,2,2,3,1,3,Topic_3
U141,C03,90,98,99,86,56,83,76,71,20.188159965314917,5.470727891431821,28.952650865824758,21.163904951302484,28.493240390673915,9.92527487183133,23.304939665447137,5.475004092036555,2,2,1,3,2,3,1,1,Topic_5
U141,C01,93,51,65,69,71,78,52,80,21.620024461878916,6.893344398463221,5.378407723991195,10.542129338937954,16.21563778271662,23.825404630440154,18.202136932836872,10.998501783301148,3,2,1,3,3,2,1,3,"Topic_2, Topic_7"
U142,C04,75,72,52,82,99,60,99,99,27.041533943445607,20.178810246184387,23.52330487889705,15.54500283423818,17.38293411450568,9.065056060502195,21.556201592493615,5.2846399297530695,1,3,3,1,3,2,2,3,Topic_3
U143,C03,96,100,86,84,88,91,60,97,5.6606368002336716,14.450078319323968,13.449548352118994,16.582072936601136,21.99635813243745,17.46953983815471,27.220490152966192,15.206805785388365,3,3,3,2,3,2,1,2,None
U143,C05,64,55,83,76,75,96,51,52,28.521350198156803,15.848016286235321,11.37340442619129,17.38870749466259,10.846120464415216,7.469222238123847,16.05808377813124,15.264560841431067,1,1,1,1,1,1,1,3,"Topic_2, Topic_7, Topic_8"
U144,C01,78,85,81,61,81,88,84,57,8.099341824769263,16.41892260172918,19.931565372677614,10.771583210150261,29.719941906998592,22.769780129065182,20.60433914975627,7.41922234478473,1,3,3,1,2,3,1,1,Topic_8
U144,C05,55,72,61,53,58,66,95,52,25.167874155911754,24.573030589994072,19.770067051236047,24.631417352665167,6.544500419170852,8.201113305549297,13.768363662595219,19.629740417722218,2,2,3,1,3,2,1,2,"Topic_1, Topic_4, Topic_5, Topic_8"
U145,C04,69,79,71,96,70,84,63,82,19.801091686177365,6.197969811218511,9.54769771498554,27.81865796548508,27.693528146579887,5.979818356523953,25.071250799454305,19.442732578927217,1,2,2,3,1,2,2,3,None
U146,C02,85,66,66,76,97,78,95,86,29.546913969475455,21.577841458937183,16.09698126703274,29.820934284969884,18.996486424272,8.594028482143221,28.89330905572199,7.160967544864953,2,3,2,2,1,3,1,1,None
U147,C03,96,86,89,81,74,78,91,99,7.592675036583874,26.63856293838591,23.283978848010065,21.21237570253306,9.888395728440841,5.523779687800097,17.151313722912022,11.912661595258179,2,2,2,3,3,2,3,3,None
U147,C02,52,55,97,65,53,59,50,56,9.701819956956015,6.869010636965235,7.927205643732512,5.640448707238791,22.527928659120594,18.98646729943662,25.591180311982132,29.845718211996598,1,2,1,1,2,1,2,2,"Topic_1, Topic_2, Topic_5, Topic_6, Topic_7, Topic_8"
U148,C05,94,79,98,77,92,97,94,89,25.355593634482176,21.692274662910382,12.642154558079087,5.621115769516603,26.474393143081087,24.042521352516008,24.37619428474435,23.641290776546374,3,1,2,2,1,2,1,3,None
U148,C01,72,57,70,81,96,90,84,87,9.77572834229343,19.982330188152265,29.60528127496498,14.082857151658356,6.253677793371629,20.146990512156506,5.172130244542496,23.714316834504086,2,1,1,1,3,3,1,3,Topic_2
U149,C04,65,82,85,70,60,82,62,70,28.4354551718829,9.726391323683762,29.266231569113252,21.537130833098566,13.14248661713322,17.169540670402462,18.89338042888587,24.07268696556201,2,2,2,1,2,2,2,3,None
U150,C01,61,71,92,74,57,69,74,69,6.929997594666946,28.344032206429066,6.705768757808706,13.908755646373267,9.850594236560488,23.27912761576127,29.06607553285241,12.071503747754887,3,1,3,2,1,3,2,1,Topic_5
U151,C03,92,56,93,76,81,60,83,67,20.621147241623305,8.366059886330062,21.940981624401434,28.824152667362977,29.853197409772335,12.232726827662695,12.15507870112364,7.580624927207059,1,2,3,2,2,1,1,2,Topic_2
U152,C03,78,92,66,97,53,54,62,80,11.975956831243394,6.218408685219674,24.14241204400467,11.839398151230005,28.701011951554538,24.163796795199026,6.201979744810519,29.97451073252291,1,3,1,1,3,2,2,2,"Topic_5, Topic_6"
U153,C05,86,99,90,88,59,58,58,92,27.838101715808182,11.539395237698393,29.12264128758933,26.488124476620236,5.667042903135362,24.729292725132833,6.935477106451083,23.76818797925143,3,3,1,1,3,3,2,3,"Topic_5, Topic_6, Topic_7"
U153,C02,58,65,71,93,71,68,69,72,25.14379516272037,9.883575573548523,27.26360844882113,17.14234213305698,20.52459325866534,24.07945135103563,7.125237607355435,10.008970827094696,3,1,2,2,1,3,1,1,Topic_1
U154,C05,87,94,53,52,59,71,77,59,21.072916373388175,28.309000933754326,14.578329452383139,9.882034286782297,12.58980252258582,6.882588339957114,28.79348661558011,9.875865847409582,1,2,3,1,3,3,2,2,"Topic_3, Topic_4, Topic_5, Topic_8"
U154,C03,66,60,87,61,91,61,79,99,8.05347813579272,13.416450233408607,21.58405613603704,8.316018366486894,29.104330268607825,18.26755181600315,12.382315276649118,11.913380140385087,2,3,1,3,1,3,3,3,None
U155,C03,100,71,80,72,58,67,63,54,14.871825268064303,9.938924971700505,14.269732838480833,28.604012073461586,18.633499628983863,22.841057870365688,22.58054517839609,7.800205088650576,3,2,1,2,1,1,1,2,"Topic_5, Topic_8"
U156,C03,77,87,77,74,98,100,94,95,5.160209332739022,26.104003196014528,6.281969624351664,16.736265080450178,13.618493160464524,21.312605281991758,16.46507861554221,28.853907384199847,1,3,1,2,3,1,2,1,None
U156,C05,89,51,80,54,68,62,77,81,14.094193300805841,9.073458200027645,23.85418474548355,15.82546575413563,18.88935609834558,22.002124354772725,10.248850625154606,25.791692379919503,2,1,3,3,1,3,1,2,"Topic_2, Topic_4"
U157,C04,54,64,89,55,61,51,85,72,21.953007308346713,17.481895501175927,23.186099201820102,27.205203603456177,16.702656984669805,29.491561219122676,14.203655239862554,5.6970590849064235,3,3,2,1,1,1,2,3,"Topic_1, Topic_4, Topic_6"
U157,C05,53,55,69,70,56,71,65,90,16.775150740719557,28.269899522186694,27.47955659697964,19.3690119679321,19.5607507048162,18.273922326454752,11.918644726426251,27.955184372083995,1,3,2,1,3,3,3,3,"Topic_1, Topic_2, Topic_5"
U158,C03,89,86,68,99,64,65,59,92,13.772931558498406,5.045462950426919,11.07820575803402,20.84595064857504,15.461374794033643,26.807415390978978,12.467316631736416,27.989058250694562,1,3,3,3,2,1,3,1,Topic_7
U159,C03,51,70,77,93,78,67,65,75,26.20953524373979,19.21158616793884,6.321108366282692,26.507692410572503,21.75008712774822,6.5307408951878765,9.317388294110044,7.922504430229764,2,2,1,2,3,3,3,3,Topic_1
U160,C03,99,58,60,99,94,58,91,98,24.011201206793242,17.93445693130655,14.220788108339988,9.598682100659662,28.595258138940796,26.9093720860673,16.707132940397816,22.982410906309546,1,3,2,1,1,1,2,2,"Topic_2, Topic_6"
U160,C05,62,87,89,53,66,70,75,69,12.365430333240125,23.22522778223798,13.410628486981361,27.533170255103443,6.783487516156626,5.154088065423777,6.702156905279456,23.18112287445204,1,1,2,2,1,2,1,3,Topic_4
U161,C04,58,97,57,60,73,64,85,88,10.445896939446527,7.8961339242526085,8.710618872499019,10.445877086089398,10.443775588321227,7.095258207529077,26.20629050117304,26.441790160695522,1,3,2,2,1,3,3,2,"Topic_1, Topic_3"
U161,C03,97,55,58,85,91,97,68,86,19.658880473889646,24.29470724611638,25.931662824561865,25.12653699634501,8.578759103980762,7.054790891832398,8.847484718786934,18.46709979398765,1,3,1,3,3,2,2,3,"Topic_2, Topic_3"
U162,C02,63,61,81,77,77,89,75,66,8.122815259185785,22.396155105637778,14.10255480450726,10.003892190949163,23.006290830776127,22.111944203085024,26.962292754195424,20.91126685538946,3,1,1,1,3,1,3,1,None
U163,C03,98,90,55,76,99,65,53,55,17.273268430479185,9.754280817215884,21.755137604130585,10.489585764474828,28.640242967765385,9.225329648943793,5.866338801299313,23.391575181697092,3,3,3,1,2,2,1,2,"Topic_3, Topic_7, Topic_8"
U163,C01,83,74,59,95,57,84,78,78,29.70719048884139,10.208332200564886,24.313175145417897,8.237467985559316,25.335697478648697,24.979973282059767,18.03340984372812,17.020278364874674,3,2,1,1,1,3,2,3,"Topic_3, Topic_5"
U164,C05,75,59,67,60,88,63,54,97,8.364159261892969,19.254023078360515,17.11739179637228,8.745984707313779,11.539361662279036,20.645462726838353,24.697737954488627,10.765824884943493,1,1,2,1,3,3,3,1,"Topic_2, Topic_7"
U165,C04,87,83,71,82,55,54,65,50,18.04890953880346,21.008018138783523,18.636546017394096,7.187969338958903,24.60436418630151,22.55916400892924,29.445263057324215,17.517997902106426,2,1,3,2,2,3,2,3,"Topic_5, Topic_6, Topic_8"
U166,C05,94,80,93,64,89,51,77,88,18.71835083560145,10.395545934584284,21.343507149427484,9.225681844139151,21.437326768954016,15.89930983836962,29.018292616230017,26.832639664556037,3,1,3,2,3,2,1,1,Topic_6
U166,C03,75,91,58,69,60,75,86,70,11.98722903783177,17.873900594672065,15.112555427388791,16.34808606769553,28.41119371054126,10.985209532911238,19.80045501269874,23.264759301811296,1,1,1,2,1,2,1,3,Topic_3
U167,C01,82,52,83,80,94,88,54,95,9.258246488943454,10.832344175520323,16.187951536925233,29.886288723472614,11.238079116083147,12.140800276203993,18.759066678063082,12.270261189854274,2,3,2,1,3,2,1,3,"Topic_2, Topic_7"
U168,C05,70,63,76,56,81,50,51,80,7.871256656108836,27.535419752789927,11.547532972574993,18.3128510888625,13.771480021698316,16.04379061249664,19.61160428645536,13.470046442084788,1,3,1,1,3,2,3,1,"Topic_4, Topic_6, Topic_7"
U169,C05,65,90,84,76,100,71,82,53,16.669609711965904,15.711062354236645,11.680786162132929,17.942469987847623,21.29420528467924,16.63652870488874,29.0121230953289,25.797854522670495,1,1,3,1,1,1,3,2,Topic_8
U169,C02,91,60,64,51,68,75,60,55,19.508060893110628,10.43193830758094,19.002119538083836,21.322236702781893,23.282729673641867,6.509841305814538,17.714166845175104,8.325214570063695,2,2,1,3,1,2,2,2,"Topic_4, Topic_8"
U170,C04,94,66,52,55,84,67,60,51,9.80650934248099,28.689117297268222,6.637507778394632,29.83709865461058,16.23997739280609,21.56739718119283,7.459786836397693,16.30852189992807,2,1,1,1,1,3,1,3,"Topic_3, Topic_4, Topic_8"
U170,C03,95,82,90,85,64,75,68,80,28.962827215237855,14.899460044704991,23.700305653823296,9.776504865010944,5.731912988482211,29.422877871743502,24.550337011156845,26.34489183280223,2,2,2,1,2,2,1,3,None
U171,C03,52,73,95,56,56,83,89,87,15.072020124302256,6.833408998829605,9.840337508679237,26.82909806242092,24.781095020462562,13.295761107989117,9.267326529100977,16.33929614651364,2,2,3,1,2,1,2,3,"Topic_1, Topic_4, Topic_5"
U171,C01,75,55,62,73,57,70,82,52,16.315024351790054,10.296776655954066,11.061582682710604,19.668967751705495,18.103346540381153,23.232405253292118,6.301917206082104,9.53326099151921,3,1,2,1,2,2,3,2,"Topic_2, Topic_5, Topic_8"
U172,C05,93,63,54,94,89,65,60,78,14.049087073937025,10.447818485128945,22.873880830176837,6.353978870802491,16.521625301705434,11.443834607988174,12.84922999668366,20.45183611650209,1,1,3,3,2,3,3,3,Topic_3
U172,C03,75,80,72,57,71,70,93,75,7.407068635812138,13.758529478819902,27.897740371761124,16.549383453579882,22.191033529509856,19.61058877299002,11.433728465821487,15.377458588354221,2,3,3,3,1,2,2,2,Topic_4
U173,C05,74,71,92,57,97,51,55,82,18.747774878726403,16.012279105823282,7.6616882414300544,11.394945332411691,15.489223437104284,28.321575524197304,7.995463162279721,27.924646187439173,2,3,3,2,2,3,2,2,"Topic_4, Topic_6, Topic_7"
U174,C01,87,96,54,68,83,96,77,94,10.061510354538832,28.6384037537414,8.930939962362936,8.85264566437709,25.3698698616004,15.367283606200372,21.81102457419389,12.105081861043786,2,3,2,1,3,1,1,2,Topic_3
U174,C03,69,56,97,59,78,93,99,60,7.874239763414588,15.478658107671826,26.268503489799333,5.650597811601298,10.015162705070372,16.03563698335894,14.447791754192176,24.46873707763698,3,3,1,2,3,3,1,1,"Topic_2, Topic_4"
U175,C05,97,56,55,84,76,84,61,98,16.675568112217313,10.574825081630216,8.092089304735449,8.7458958610334,22.821657196573376,26.71582562155899,22.609911578879892,7.27001496577085,3,3,3,1,3,2,1,2,"Topic_2, Topic_3"
U175,C04,86,99,100,81,96,74,79,95,21.566902726986612,12.013425629450682,5.3892487606021175,29.898096781631445,12.11953086197614,5.787600288919174,13.487381220277088,10.943478533670596,3,1,2,2,1,1,1,2,None
U176,C01,90,76,54,95,84,94,58,79,17.678467965170555,28.089177792546074,17.02919056039365,5.359493958992233,29.23780241261416,26.886931634788496,15.592103457955018,11.28584278251654,1,2,3,1,1,3,3,1,"Topic_3, Topic_7"
U176,C04,96,82,72,69,91,83,66,63,17.830008844051175,17.694992386359708,25.16589168467596,14.999277012303912,6.567815703653213,22.592976621194055,22.960487777164836,19.00748667484484,1,2,3,2,3,2,2,3,None
U177,C04,69,57,59,71,80,72,79,57,17.011176248940306,18.79837450651582,22.401128919797884,27.531045415981563,21.033361582490176,28.84384429754117,29.430055419426065,21.268857445703688,2,3,3,1,2,2,3,1,"Topic_2, Topic_3, Topic_8"
U177,C01,79,58,57,70,88,65,66,93,22.614669208302505,15.294624252058338,25.264473662128253,11.50864286796154,27.267799301868095,9.325958188328247,17.715646832051874,29.07893654653134,1,2,2,1,3,2,1,2,"Topic_2, Topic_3"
U178,C02,74,99,100,65,75,66,94,92,16.820959493561716,13.500426010118911,14.099071909235345,25.248288868429285,21.66397369039175,6.445379696277005,10.384306379566453,5.184421988023692,3,3,1,1,2,2,1,2,None
U179,C02,61,72,89,63,77,76,95,81,5.389938523263403,24.435284878443586,26.39170207159382,8.063654136571632,17.86572344220542,18.098114014995183,9.318432010311554,17.464042532870717,3,1,2,3,1,1,3,3,None
U179,C04,95,53,72,100,86,53,81,93,16.323089739492747,28.217194469960486,11.132152792848569,25.01415414318246,23.914709410531188,24.354315820622354,11.433508875355411,13.849152725103679,2,1,2,1,2,3,2,2,"Topic_2, Topic_6"
U180,C03,84,79,71,67,85,58,98,62,24.27161874996218,6.119433030493417,10.912652264244075,14.503361075970357,23.31339436854475,20.271270902436665,11.891107462923374,28.620761305454614,3,1,2,3,2,2,2,2,Topic_6
U181,C04,58,81,85,95,69,77,70,97,26.713371193754032,11.03090976245012,16.920822866677035,8.8950798160979,22.055508967536394,20.37496687152975,10.156669208168946,17.806852632017197,3,1,1,3,3,3,1,3,Topic_1
U181,C01,69,98,54,83,94,100,51,57,13.017612552511286,5.432242362114757,5.315077586187079,17.69846809390462,6.441501307440198,22.104647131302762,9.473503447384294,16.01800424639725,3,3,2,1,3,2,2,1,"Topic_3, Topic_7, Topic_8"
U182,C01,94,66,94,53,74,65,97,100,13.070246347776857,24.396695105516176,24.898252587286404,18.81138456758205,29.317143443560596,29.602442327283335,22.958333224687465,5.999640410675581,2,3,1,1,3,2,2,3,Topic_4
U183,C05,74,98,79,89,71,82,73,92,26.021811199643814,17.913318801375624,19.886743043658477,22.71721307095983,26.627366966325006,16.300209636356104,26.355204667334103,7.412791678357179,2,3,2,2,2,2,2,2,None
U184,C03,92,50,95,55,82,65,76,83,18.015271639195724,25.310592976165395,26.91105201645756,12.67086541833135,8.852036907062004,23.272677115830483,7.823468399959217,12.095144017498573,2,3,3,3,1,3,1,2,"Topic_2, Topic_4"
U185,C01,51,60,87,66,78,64,72,79,13.420779825925214,29.071126540230075,5.556083554842194,23.828196803181633,7.977199902806466,5.109814407260192,10.689065814616642,21.942082928266153,1,1,2,1,1,2,2,2,Topic_1
U185,C04,62,76,85,58,99,95,53,58,27.156289165020233,18.86778918689306,8.781160344265416,24.82385768785642,26.886114630936984,20.8875989721218,26.656130468614332,5.49139961691812,1,3,2,2,2,1,2,1,"Topic_4, Topic_7, Topic_8"
U186,C02,98,100,98,90,60,71,77,83,15.077473751722307,28.162393259600293,6.008187590894993,23.399945710068604,25.025678948062527,8.6265869960882,7.003000437219732,25.78679930696631,2,2,1,1,3,1,1,1,None
U187,C01,65,65,97,71,54,68,74,78,22.244948295160725,17.35933710371878,13.142447240748924,6.96553016144721,18.109258692111716,10.682492543614512,27.127326176208438,15.796287248071778,1,3,1,2,1,3,1,1,Topic_5
U188,C03,89,68,53,71,61,98,68,68,23.79752231851034,15.005640269667149,13.677963582664502,29.835696024417903,11.742534343952258,23.050137015716246,18.822487426280276,12.00631980958767,2,1,2,3,3,2,2,2,Topic_3
U189,C04,74,66,84,79,63,94,61,64,12.51387875110942,10.14522987151289,7.6957954714543675,7.252583713667167,6.3437823882118565,24.784918175151706,5.78950827368666,23.545554255472236,1,1,1,3,1,1,1,2,None
U190,C05,51,71,53,67,56,75,79,78,6.640972426869766,21.907160797008167,25.43837836279539,10.948987461683592,25.911364523823288,9.06973627434159,9.386523943078599,22.552487261160525,1,2,1,2,2,3,3,2,"Topic_1, Topic_3, Topic_5"
U190,C01,89,78,73,74,97,87,72,67,24.579623316481047,10.758537760788546,8.024289217820813,12.887857693284381,27.831548068616208,22.53194958452142,12.68546099867035,13.528754420448282,1,1,1,3,2,1,3,2,None
U191,C03,79,72,76,95,56,51,63,50,7.40587417705937,8.91580808004398,27.961554249008106,20.14562856379665,12.054865137299558,18.041083732525877,6.322593606961053,20.8785867994616,2,1,2,2,2,3,2,2,"Topic_5, Topic_6, Topic_8"
U192,C03,83,82,59,87,68,92,64,91,21.451877374284113,8.488632940993547,9.461111032646409,6.045354456464246,15.809440433573354,27.296107101886044,18.55264327170172,20.077895392928294,3,3,2,3,3,2,3,1,Topic_3
U192,C01,66,88,67,70,83,62,78,96,12.543926454612624,13.680725868193392,5.681062657790579,11.064506873581585,10.44047661149688,15.096094861007849,29.29839380127834,11.302909038239363,2,2,1,1,2,3,1,2,None
U193,C01,88,75,58,79,58,79,99,88,19.162039168366164,5.897338455637625,7.942301801079827,22.512653585392528,26.275688855196403,20.069042996157854,7.262961006200492,22.48231140584922,3,1,3,2,1,1,1,3,"Topic_3, Topic_5"
U194,C04,54,86,56,84,88,79,61,70,28.400526381192492,17.425752416734543,21.088040066213765,19.35969742379187,29.17153436378201,26.69974531745959,13.019721406537784,15.096089781810342,2,3,1,3,1,2,2,3,"Topic_1, Topic_3"
U194,C03,98,84,77,65,82,57,52,53,20.68022494861375,26.232699529756825,7.573196525303651,29.437373780341183,7.9092704117899135,7.688709744590723,15.988530052580051,13.656657331859972,2,2,1,2,2,3,1,3,"Topic_6, Topic_7, Topic_8"
U195,C02,65,67,87,54,97,93,59,84,28.233009028147766,11.1679482223112,25.591722281836418,7.0969971652818495,7.484334115295006,5.469614926503762,24.980970999406694,5.393978283254687,3,2,1,2,2,3,1,1,"Topic_4, Topic_7"
U195,C03,71,58,99,89,51,92,71,64,25.313622390068623,20.35318825646196,25.1865677423933,12.467778215946439,14.332894271824852,17.554517475311016,17.565657542180784,27.209765491138228,1,3,3,3,3,3,2,1,"Topic_2, Topic_5"
U196,C04,82,93,96,93,92,54,93,74,21.983184077868497,23.391057793330237,6.380704017460727,8.365832610713387,6.068527318443103,15.024562485265548,27.54962693211514,10.376319286442687,1,3,2,2,2,2,3,1,Topic_6
U196,C03,88,77,90,92,81,79,80,70,21.85875561446469,27.065830983979076,7.108537698079704,12.278103435655991,19.11716131888717,17.281970154242174,5.771843673092063,25.123327047451014,3,1,2,3,1,2,1,1,None
U197,C01,56,96,93,58,72,89,67,83,17.608268594142267,27.93757842541874,18.153277374104412,25.91743731955293,27.886519953790643,19.218544935369486,6.477826618775249,14.560585105750178,1,1,2,2,2,3,3,2,"Topic_1, Topic_4"
U197,C03,61,54,97,62,53,73,79,51,19.644640316116657,8.923249468577747,13.499164901366843,6.054860867983348,12.591389029178433,21.369727541263604,17.53595508605735,16.443239529001897,2,3,2,1,1,2,3,3,"Topic_2, Topic_5, Topic_8"
U198,C05,93,72,86,66,53,50,56,82,23.68003188220421,27.512489451342553,7.7266523346035605,16.923875582890098,19.372196368375036,20.180903376127276,8.839574178377747,11.313596007256546,3,2,2,2,1,2,3,1,"Topic_5, Topic_6, Topic_7"
U198,C02,81,55,57,72,77,50,50,99,17.305884045439754,5.082851110615834,29.564967409200634,18.726069034941734,5.769354289686897,24.899628929048436,11.731114330211804,21.283225229358344,3,3,3,1,3,3,1,2,"Topic_2, Topic_3, Topic_6, Topic_7"
U199,C03,54,63,99,81,67,95,51,71,20.411121083130567,9.96062147173219,12.290268460597455,14.263702592396061,6.45924721820003,18.57361232279547,11.486513320255685,10.4029191924261,3,3,3,1,3,3,3,3,"Topic_1, Topic_7"
U200,C02,74,97,60,63,70,54,81,96,21.820548546998317,23.962090436599922,6.381865469400359,11.127884585048172,28.29054898787476,14.3213900194952,10.85618903473883,23.511709175786514,1,1,2,1,2,3,1,1,Topic_6
U201,C05,86,74,98,87,62,85,56,86,12.077486790418341,13.733730156750982,7.896730302215506,26.224585138940796,27.13102136199656,16.59619167967314,26.54575573913898,6.284633467953913,2,3,2,3,3,1,1,2,Topic_7
U201,C04,91,81,55,84,94,82,55,77,22.228275239098753,8.054166650585108,21.870726048842823,7.594153199973112,17.355124993709858,14.963969093895974,11.47276895635617,26.47891568415772,1,1,2,1,1,2,1,3,"Topic_3, Topic_7"
U202,C05,51,82,63,92,95,65,63,68,21.146480952349236,13.560561829924163,8.818915715360863,24.795934442924914,15.324924338274776,21.970640392275683,28.103553678361667,23.494145899431324,2,2,2,2,1,2,1,3,Topic_1
U203,C04,74,84,78,73,73,80,62,64,9.911455696806977,26.50705912177093,24.186959611699532,21.053888534722073,26.490149706804843,5.059024958846726,12.275678730587748,21.312121828039036,2,2,2,3,2,3,3,3,None
U204,C03,54,93,66,66,64,96,54,95,25.976883587992248,28.734079988719802,14.018857325660292,9.330227943651316,29.37842998860708,24.700154708332025,26.522080421374877,14.001406410789151,1,1,2,2,2,1,2,2,"Topic_1, Topic_7"
U205,C05,52,92,61,64,65,90,92,61,24.970428268401,13.002320483264699,15.869373673296057,14.677583734168438,22.841945118749496,29.024132525953902,16.91993263119076,26.626693105162467,2,1,3,3,1,2,2,2,Topic_1
U205,C03,90,80,73,68,77,66,70,64,16.836061860619168,15.997627871740502,20.801336813246888,21.384305409744087,16.442712899259213,29.877977422828064,26.593597505444308,13.038079010208863,2,2,3,2,3,2,2,1,None
U206,C01,76,66,100,99,72,95,54,72,7.029479441885815,14.150092765081212,27.340549095702578,14.194710007043195,16.37586395469975,28.207747261228487,21.967077307803674,26.702598170121426,2,1,3,3,3,2,3,3,Topic_7
U207,C04,73,96,93,50,60,82,62,86,5.677103034383977,10.208202387160458,18.34911493745574,27.700321623847245,25.364929030151167,5.622669114100888,9.808710237840874,12.161484416424823,1,2,1,1,1,3,3,1,Topic_4
U207,C05,71,75,68,92,89,50,73,74,18.594246322998,8.780999451071605,14.289644674683109,9.183451356421557,26.13459625319683,26.937746806617334,8.39365119752387,23.049433618255588,3,3,3,3,3,1,3,1,Topic_6
U208,C05,90,87,76,56,86,90,65,91,16.911645309049035,20.60101941598407,28.336649147585135,26.764863571630524,24.35248285172183,25.72817171343713,8.38496983124736,26.278909087767637,2,1,2,2,3,3,2,3,Topic_4
U209,C05,51,75,73,91,89,87,62,52,5.708332464062253,28.53541522203333,14.00730369315475,22.733064571254868,5.060343321407327,11.511265906989502,29.122166075933393,27.7015898991942,1,3,2,3,2,1,1,2,"Topic_1, Topic_8"
U209,C02,64,84,61,96,58,88,77,50,29.29891771409317,19.16590393538116,10.88900966432177,24.56894269724432,27.96655844604919,25.359644749935246,9.324271471814782,23.95476225420318,1,3,2,1,1,2,3,2,"Topic_5, Topic_8"
U210,C05,70,70,61,99,70,76,88,57,18.77177254342547,19.623210231877454,21.867452298458346,7.362043723192606,17.862272000653697,13.993307016134336,22.079603279508426,6.701221306910439,1,2,1,1,1,3,2,1,Topic_8
U210,C01,61,63,63,50,74,79,75,69,16.352108849310056,17.282123766435213,6.956544834871124,28.50089091696088,7.1808406666993685,6.568274896048274,18.753103861391992,21.14816478104429,1,2,2,2,3,3,2,2,Topic_4
U211,C02,67,90,85,86,97,76,63,80,9.70279126240383,7.847230075260376,11.106001739062343,23.544519851079794,22.2801226205266,20.475615625764597,17.26820782431828,11.87663924514652,2,2,3,2,1,3,3,3,None
U212,C03,66,74,65,54,85,86,99,88,7.948178578927857,24.70099811630656,9.539961467928691,10.77469210973195,6.256083197542257,9.521206469146335,28.434125070042285,14.399398304185935,1,2,3,1,2,1,2,1,Topic_4
U213,C01,74,53,56,90,99,60,89,97,8.631239768701208,5.745761492264616,6.950339410782265,11.140881621076641,29.189729131824933,24.093088172078716,11.14064649968418,21.765890016763958,3,3,1,1,1,1,3,2,"Topic_2, Topic_3"
U214,C01,78,78,58,84,79,95,60,83,18.895178661467146,7.260569310187216,10.635478274231426,17.97850309014777,16.66786373534181,6.06439378410072,23.476940859778114,15.372248253467816,3,1,1,3,3,1,1,1,Topic_3
U215,C02,66,55,61,53,55,68,84,84,8.60956461525177,11.125616764554914,6.048121212385294,14.13804835999934,14.709881853702305,29.590110261427718,27.526749441647492,9.116919576134606,3,2,3,2,1,1,1,1,"Topic_2, Topic_4, Topic_5"
U216,C03,74,92,82,58,65,61,68,81,15.007126852933453,25.749680759710785,6.554127407783196,11.575478279217903,21.262809674864666,15.55813246913295,26.564582776289676,26.47241009657507,3,3,1,1,2,2,2,1,Topic_4
U217,C05,72,93,52,86,88,85,58,99,28.37584325146057,28.96254665137828,5.68708515845233,12.163181524471312,13.265944371030951,15.872584356522342,18.378848502327727,6.366283087484124,3,2,3,1,1,2,2,1,"Topic_3, Topic_7"
U217,C04,50,87,52,68,78,72,81,50,6.227529576401848,9.25377065962304,10.898817922914365,23.88045148322088,9.099984919196325,12.570892789372603,22.820883777058718,7.215677153363782,2,3,1,2,3,1,2,2,"Topic_1, Topic_3, Topic_8"
U218,C01,51,80,100,84,88,50,100,61,17.382276997488283,8.036676731848,28.02962396668427,10.23759885438039,10.879811632951355,12.451640511480552,15.987935764565055,10.470960255581561,2,3,3,2,1,2,1,2,"Topic_1, Topic_6"
U218,C04,54,53,58,99,99,82,79,71,10.235105961967204,6.913330048356854,12.25040538318379,5.166834346401065,22.276536802605865,14.912685010812078,9.771795516209611,16.619965428612602,1,2,1,3,2,1,2,1,"Topic_1, Topic_2, Topic_3"
U219,C02,73,94,61,87,99,96,62,72,16.973038315961283,19.409979657618738,11.997636087680412,7.728977175950384,21.4073642100616,18.92066373321356,15.95456251780841,17.75648068132245,2,2,2,1,1,3,2,3,None
U220,C01,68,88,67,67,51,53,92,65,13.436693055733352,9.299105950201326,20.637863281486737,29.106802274789295,8.88527659631728,15.168781348722527,17.417954961098154,10.433210288084497,3,3,3,1,2,2,3,1,"Topic_5, Topic_6"
U220,C03,80,62,98,72,54,81,88,54,15.461111127973416,22.05690193820661,27.985591268590696,29.668678268415402,26.56701175956681,19.32992748516108,22.239914372335445,17.54256336080526,1,3,3,2,2,2,2,3,"Topic_5, Topic_8"
U221,C04,55,84,77,71,97,72,52,98,24.149752293294505,16.173724462959413,22.11323722221212,12.723956374508331,27.187223332321178,21.15609213073069,9.732981078440746,29.07356646136923,2,2,1,3,2,2,1,3,"Topic_1, Topic_7"
U221,C03,65,57,73,69,53,98,72,61,8.490591502972146,21.757949833589652,24.357277873404627,23.237003942564574,17.5167212772686,20.671481986003002,21.266682050741757,18.4811769233959,3,2,2,3,3,3,3,2,"Topic_2, Topic_5"
U222,C04,68,84,58,89,92,52,84,82,28.034938613388764,12.751968096646067,6.5547369139725955,9.089882643567435,7.9334002249008675,7.726208932090499,6.037812880729125,29.100861819467102,1,2,2,1,3,1,2,1,"Topic_3, Topic_6"
U222,C05,81,61,51,74,72,57,79,80,27.180437301452194,29.49166964102957,19.125410571735596,27.156705858589884,28.24792156737708,13.590834385876148,22.20072828059106,19.075104895876606,1,2,3,1,3,3,2,2,"Topic_3, Topic_6"
U223,C03,77,85,86,92,50,58,98,94,13.025185113253604,11.659111219620996,19.045913188131443,20.038922519127734,26.04313844587257,8.562042859015243,29.903512466823255,25.173321090029525,2,3,1,1,2,3,1,2,"Topic_5, Topic_6"
U223,C01,88,78,95,92,67,53,74,66,10.680305439796047,21.11578736955393,22.00490962982273,28.438255863077703,14.28164009781656,13.718504074014458,19.281174016831933,23.34440180330292,3,1,3,1,3,1,3,2,Topic_6
U224,C03,81,70,62,53,69,94,91,73,29.929339699703696,15.691781518199917,14.907147565987387,18.601096666511847,20.443897265336293,26.53916646729775,7.472594310062689,24.890234999462372,3,3,2,1,2,2,1,3,Topic_4
U225,C05,73,72,74,92,60,87,94,65,18.878284800385938,17.74669904755889,24.8666352771438,12.926407981094519,23.07597162762808,7.4312502890907055,24.40196047412592,27.67043072217203,2,3,1,3,3,3,3,3,None
U226,C02,72,87,50,55,71,100,100,67,27.774467054785273,14.024749757061723,14.292488738459662,27.467335069610854,19.59794579173239,5.962717169876773,11.46921499494086,20.991638528608355,3,2,2,2,3,2,1,1,"Topic_3, Topic_4"
U226,C03,53,69,64,61,81,98,75,53,11.150137538432254,17.56514969629056,10.668711403517204,26.30245837513275,29.411871494173763,19.928705199095457,6.058844833148714,27.927404644820953,1,1,1,1,1,3,2,3,"Topic_1, Topic_8"
U227,C02,86,71,53,90,94,66,80,53,24.11634130996248,26.53124421992132,17.25135545176746,24.239937009784242,5.808329651376452,19.284042140220883,23.949551993478355,27.0228790263732,1,2,3,2,3,2,2,2,"Topic_3, Topic_8"
U227,C04,76,58,67,87,81,58,50,82,28.897566077966566,5.309589959558479,26.92663624421852,20.80788008297301,13.811815102786596,9.799810286102637,10.761424992036057,21.025690732378532,3,3,3,1,1,2,3,1,"Topic_2, Topic_6, Topic_7"
U228,C01,60,69,99,83,92,70,87,87,7.388455948372137,26.556739256273136,26.859391903180235,17.279205504084345,26.62068450794562,23.26991924144819,14.43921131441009,8.88035935964849,3,1,3,3,2,3,1,1,None
U229,C01,93,88,66,74,93,58,60,98,20.827943361120546,18.20077073546537,24.00336682486289,9.581570021850492,28.570597374752655,27.09580061509563,8.018301784153241,6.773218049021585,3,1,3,2,3,1,1,1,Topic_6
U229,C02,61,94,64,92,88,71,51,63,11.2246481956622,23.12702818902028,25.277203718503475,24.02916101886732,13.527941787840144,27.420174107936607,10.933284320627378,25.201796921085514,1,1,2,3,2,3,3,3,Topic_7
U230,C05,96,85,61,61,96,88,58,59,23.79661708934435,23.554792223606935,15.957758258914716,11.926042163631589,27.252182555709414,24.14024109723174,20.28941885776733,7.907299813100403,1,1,2,2,3,2,2,3,"Topic_7, Topic_8"
U231,C04,86,85,56,95,58,100,76,63,21.119225493154506,16.94102344169041,16.656397113365788,17.904803054511408,16.822577104310817,26.532018492369385,22.810827687595456,20.86559835388883,3,2,2,2,1,1,2,2,"Topic_3, Topic_5"
U231,C03,82,63,79,67,60,86,94,74,20.794175592652454,7.938814493605454,12.264813281190369,23.873444951733674,8.93300013320888,6.680279587907496,15.51749120024591,10.55852484525812,1,1,1,2,2,3,3,1,None
U232,C01,77,97,95,69,97,89,82,69,7.476253722120383,14.14194818279834,5.557652465773292,12.842282208186585,25.736402514984338,17.806357312552358,10.171617096590108,6.920122039530731,1,1,3,1,2,1,1,3,None
U233,C02,62,77,70,76,89,87,68,97,13.322162699317989,29.067134412181527,23.555289215858746,23.516506676876347,14.478348932043893,18.42385819361666,22.26354362793819,23.121099068094377,3,3,1,2,2,1,1,1,None
U233,C01,81,63,91,76,99,95,87,55,10.135559324601003,17.228022405670963,25.852014337830695,13.608927309465079,12.808262824418865,8.019940945502464,22.60708924748767,13.551163250114232,1,1,2,3,2,2,1,1,Topic_8
U234,C01,84,76,77,50,51,51,98,76,5.365761691024185,20.505030979085173,10.828978679389067,16.96128077715968,26.648155393477055,22.993224006177787,22.49587816649658,20.097154284127363,3,3,2,3,3,3,1,3,"Topic_4, Topic_5, Topic_6"
U235,C01,98,59,97,68,61,81,82,60,15.814310531421272,11.208478893986747,20.41213244945247,6.309050749249891,24.218768782636605,21.763112154048592,20.95368589745354,11.824022739091149,3,1,2,1,3,3,2,3,Topic_2
U235,C05,63,66,55,91,60,97,50,77,19.273981883644634,12.271245230373413,17.12781091964858,9.665126438605693,15.07483198845758,10.04545893891129,10.465854519085974,17.665322556627654,3,2,1,3,1,3,1,1,"Topic_3, Topic_7"
U236,C03,70,55,63,61,56,100,64,50,26.381176172370285,9.752052844486485,19.021726314843782,21.12058094352393,23.75386845448072,16.571085698542113,10.011347874542754,18.142998390025745,1,2,1,2,3,3,2,1,"Topic_2, Topic_5, Topic_8"
U237,C01,70,65,99,86,89,57,56,92,16.933497283332784,13.139872985658519,11.37172038907654,15.401099787232804,19.30634440902645,12.958042842587421,24.50379138723361,27.735753464035096,3,1,1,3,3,3,1,3,"Topic_6, Topic_7"
U237,C05,68,78,70,99,95,53,67,85,23.70081216534481,5.3648055250705164,26.25534363500969,22.942966326142912,15.14406224519006,24.520886784990235,22.042126783028273,25.787036214642615,1,3,3,2,1,2,1,3,Topic_6
U238,C03,89,73,69,76,58,58,95,50,26.07192064707963,25.748723984659915,27.250158679871078,23.65679390233056,16.463207965562116,24.606994061139112,14.738538334605135,12.31602622538468,3,2,3,1,2,3,1,1,"Topic_5, Topic_6, Topic_8"
U238,C04,91,65,76,61,94,59,50,97,21.738358715963045,16.084756358787114,15.074502158717074,6.132306968750574,26.977263708199835,29.463180009267642,8.129873738707579,29.204732529216212,1,3,3,2,1,1,1,2,"Topic_6, Topic_7"
U239,C01,52,54,70,98,60,66,68,61,8.057085526379838,27.40149593655647,13.631775404666383,14.01137583469587,10.096769370722251,15.517871088566627,25.47970878970523,28.435350098267126,1,1,2,1,3,2,2,3,"Topic_1, Topic_2"
U239,C03,73,79,61,91,93,63,70,58,21.470360743825744,11.396431410921288,14.927134955474608,25.77650563594289,7.898500678183025,10.52955187467093,12.268150428133183,17.329388651301024,2,3,3,1,1,3,3,2,Topic_8
U240,C04,87,59,78,99,99,69,61,60,26.46531908902271,17.200735490121588,7.995283404145272,14.611220823946928,22.206419931389718,27.297838974924158,28.59734410199209,27.849063099576764,1,3,2,1,1,1,3,3,Topic_2
U240,C02,82,64,95,76,93,54,54,87,9.759376504182814,18.349987058583103,6.8453579376161375,28.374061796905135,13.865620395656704,10.439620484184431,23.199033819968733,21.31696898383658,2,3,3,2,2,1,1,1,"Topic_6, Topic_7"
U241,C02,84,94,89,77,63,100,52,71,15.328549795227987,9.051434462502336,19.68710435555097,26.150423875705666,11.415714558800566,10.572377750606405,28.202057222310117,22.71348576776147,3,2,2,1,3,1,2,3,Topic_7
U241,C05,60,59,90,75,66,96,95,100,21.03907655621101,23.692330747398348,9.785505137636466,23.12063438970232,28.421474917543,26.127403238764554,23.73853477013373,6.921298610663586,3,1,2,1,1,2,3,3,Topic_2
U242,C05,89,90,52,73,62,99,90,97,17.913953013408367,13.64815922211753,25.25447235075986,7.9030764670499725,13.626238679391108,6.079811253467424,10.63258845484819,5.4738139538940835,1,1,3,2,2,2,1,3,Topic_3
U242,C04,62,61,50,85,92,100,89,94,22.25035211971774,21.160385520456906,8.32131845967138,17.498720437598934,27.99955493398808,11.803667057141627,16.273148287432647,7.360859307468379,3,3,3,3,1,2,3,2,Topic_3
U243,C02,50,51,55,97,85,87,80,59,29.055869489046415,20.283183372641126,24.924566344432954,24.350667552262372,8.92121708587954,25.797956244955916,17.565063782355057,13.012592412297723,2,3,2,3,3,1,3,1,"Topic_1, Topic_2, Topic_3, Topic_8"
U244,C05,70,97,73,73,52,71,66,90,17.221275593930155,9.094784689286879,22.02779577387689,23.861118269007598,12.973307398924625,20.17309457344823,23.68227860307876,23.266018959371525,3,3,1,1,3,1,1,1,Topic_5
U245,C04,59,55,85,52,95,66,91,80,16.448228115932743,10.374171722818522,19.087198227355223,15.588042085636484,24.321882655575195,8.629133807919377,28.112569550528395,15.59821653267377,3,1,1,3,1,1,2,3,"Topic_1, Topic_2, Topic_4"
U245,C03,54,80,61,77,99,81,53,80,7.662916868956944,17.099647071994752,9.745997588161792,9.223181898299236,23.11647927060633,23.303817389071277,13.036730770743741,29.56173888849871,3,2,1,3,3,2,1,3,"Topic_1, Topic_7"
U246,C02,80,56,94,92,95,95,67,89,28.67084792702855,12.716961416999657,15.56012144703676,17.694148550558197,15.373042305691957,7.681477412440514,12.602915648356301,23.03585732234377,1,2,1,2,1,2,3,1,Topic_2
U247,C01,60,98,83,60,82,70,71,68,16.3394350540906,5.730292476948377,12.11360236372077,29.446569351303843,14.066224150285107,24.54084849471357,26.119767753633855,11.975414230874264,1,1,3,2,3,2,1,3,None
U247,C02,97,86,99,91,90,78,63,83,14.388228970849328,16.375425826796025,6.167660277411464,11.639347086652226,13.491467975609138,20.666568510313937,16.528413587809542,17.132392559728345,2,1,2,3,2,2,3,2,None
U248,C02,96,63,50,58,92,53,86,80,12.25140837788053,16.90659297845304,24.426324817425122,17.537444202481403,27.34727043414077,29.99275894268928,27.4550407676886,14.078477070956511,3,2,2,1,1,2,3,3,"Topic_3, Topic_4, Topic_6"
U248,C01,56,95,55,76,52,99,75,60,24.31990101764645,25.540556816787802,17.76680908017485,29.060997657318513,5.653043800426081,24.58955102113863,21.12195504217896,6.879599376831326,2,2,1,2,2,1,3,1,"Topic_1, Topic_3, Topic_5"
U249,C01,97,64,95,65,90,53,87,71,14.82526354255277,6.215195515589637,21.32662499980734,25.48579115526237,6.270076535554848,7.432547730113635,28.212002561643047,19.73498165445597,2,1,1,1,3,3,1,3,Topic_6
U249,C02,78,50,78,69,70,53,61,62,5.350120678196844,16.436422085600274,20.10406116945224,5.156038065844976,10.477935683492571,13.960456239803067,19.11896819304821,13.005604930179267,3,3,2,1,1,3,1,1,"Topic_2, Topic_6"
U250,C01,88,93,85,51,51,65,96,93,23.062190250723688,25.277265813284995,9.10200059340207,11.234264634996514,28.945596529383366,28.468713717884356,7.967207463994209,11.356417257043528,1,1,1,2,3,3,3,1,"Topic_4, Topic_5"
U250,C04,57,89,58,83,80,96,76,86,9.772898113952554,24.124389498711768,10.406806963865108,6.384048871688446,19.542869025952164,21.073978801153917,14.05603161786614,23.79053903065179,1,3,1,2,3,3,1,3,"Topic_1, Topic_3"
U251,C02,97,81,85,53,81,52,98,72,13.633752405057432,5.6633284481427975,11.856067636361669,7.377161562423119,22.728127831294113,13.946779027374555,11.207864511079903,16.609840416512014,2,2,3,1,2,1,2,1,"Topic_4, Topic_6"
U252,C02,75,78,66,70,66,58,100,96,19.48146970200835,18.89937999030987,14.576741539745893,14.695117643463316,7.961203783041203,19.771874338908436,26.38399270986322,19.380539167506196,2,2,2,2,2,3,1,2,Topic_6
U253,C05,97,50,96,82,60,53,59,69,14.211943935347872,10.539275613527497,11.987103094772293,15.946206577320686,28.767074191325385,29.507952959277194,15.374880911615037,9.636668280935172,1,3,2,1,3,1,2,2,"Topic_2, Topic_6, Topic_7"
U254,C03,56,89,64,71,66,63,67,81,25.73425107467333,25.372999286903852,18.293675266911414,8.744050184908543,20.121265642159468,8.4941867566178,28.569049029774924,20.05034130144323,2,1,3,3,2,1,3,1,Topic_1
U254,C05,62,94,79,73,68,72,85,55,23.94033389165418,27.273393277904958,9.358016870577842,15.8789025702443,14.868642446215759,13.753770584321613,28.867499923973174,24.429392709913422,2,3,3,1,2,3,3,2,Topic_8
U255,C03,97,95,60,57,71,93,61,72,23.20325908032544,16.433400591908313,5.478483118332501,24.79248400455427,29.4064208194475,13.161078315043612,21.019801078225345,9.62801545608151,2,3,1,3,2,3,1,3,Topic_4
U255,C04,80,59,67,65,89,100,96,51,29.63940635737418,24.560672731585587,18.65192701512474,22.347340114554786,26.296532858909757,13.713279253768441,10.323974210238863,25.678627026572396,3,2,1,3,1,2,2,1,"Topic_2, Topic_8"
U256,C05,94,72,65,58,84,82,84,76,23.22863897244509,24.578783984050297,15.153423798405475,28.684343714483873,27.68608451126187,22.976716845017457,7.431303024199918,15.572532860142688,2,3,3,2,3,2,2,2,Topic_4
U256,C01,87,56,51,76,57,78,86,88,28.545582851022655,13.283874025543131,13.447348403071558,9.638130981517572,5.627695337229136,10.281031749629358,9.724785649801843,7.470093893015449,3,1,3,1,1,2,1,3,"Topic_2, Topic_3, Topic_5"
U257,C05,94,69,51,83,76,96,61,83,11.770166527607806,24.05132569586717,7.380315748488993,13.505528291287023,7.12320760124973,25.61286326485929,7.739096447154068,22.91802625018684,2,3,2,3,2,2,3,3,Topic_3
U258,C04,50,96,100,64,58,98,52,57,16.75448311292608,21.921815143985484,29.332929940256335,11.417471196463051,15.294295009972185,23.51567032023147,19.08986791466749,8.923468368690507,1,3,2,2,2,1,1,3,"Topic_1, Topic_5, Topic_7, Topic_8"
U258,C02,96,50,63,64,91,52,60,75,26.274568295505585,8.555633444979422,20.937985857859477,16.73207183421711,25.52056131543043,14.68956120927592,19.655586831625453,29.75740057788873,1,1,1,2,1,3,1,1,"Topic_2, Topic_6"
U259,C03,99,67,79,77,94,68,64,65,16.686003709795912,29.265924514550864,25.023414905680795,16.846408907929007,14.112929359267572,28.178727102400153,10.70653026399418,22.030893765648354,2,3,3,3,1,3,1,3,None
U260,C03,92,75,100,55,58,67,53,91,15.900784313814116,10.238020756994485,25.43369556826918,12.916437291009796,13.289440017987815,5.522807771490583,25.131750154855414,26.855093101850574,3,1,1,3,2,2,1,3,"Topic_4, Topic_5, Topic_7"
U261,C05,54,62,90,70,55,91,57,67,20.237905807346774,18.02114186207425,20.95980857128547,14.167469616935039,18.609715398818388,23.714759729410623,24.42389848040038,25.142306440349923,2,3,1,2,2,3,3,3,"Topic_1, Topic_5, Topic_7"
U262,C01,100,87,100,59,50,63,84,87,16.130204127725317,12.978149941311974,10.659815856254955,27.23544846228278,22.794693934571942,21.35556840267343,15.80316956131705,16.440172959291694,2,3,3,2,3,3,3,2,"Topic_4, Topic_5"
U263,C01,77,65,59,66,100,73,79,58,11.595952328374091,26.03822100996181,16.850101483375326,24.69253605016411,23.166008491199054,5.072032001771993,11.038461857558879,8.440023259114867,2,3,3,3,2,1,3,3,"Topic_3, Topic_8"
U264,C04,72,69,94,53,71,78,79,53,19.62032899604867,24.046657317176077,21.06722409207946,7.93521179548952,16.87943777888673,24.902076089095267,11.054540207061471,24.942665567870495,2,1,2,3,2,3,1,2,"Topic_4, Topic_8"
U264,C03,50,75,56,95,66,99,83,72,9.89437793256767,19.25013644199966,12.666328806246911,28.345557076096483,29.92122018523346,23.356017998150083,11.879320604497044,28.557745308972617,2,3,1,2,1,2,3,1,"Topic_1, Topic_3"
U265,C02,95,65,58,89,93,63,66,63,5.180538461359614,6.923722109592307,13.559436003708388,15.79269496241675,15.9356301354829,25.909867779746126,29.605863856305888,5.350597386013773,2,2,2,2,3,3,3,2,Topic_3
U266,C04,81,57,78,64,75,94,51,62,12.595588924353518,12.847420237075383,6.592288066173225,29.982412378326455,29.486652950362867,16.285498881673377,9.770130828132494,23.94123459106543,2,1,2,1,1,2,1,2,"Topic_2, Topic_7"
U266,C03,61,66,56,100,59,65,91,62,19.999505437429267,26.0342938976207,10.755090882903424,23.33986477534591,17.270053230551447,12.276350324268973,20.616096500560495,25.94981508190441,2,1,2,2,2,1,3,3,"Topic_3, Topic_5"
U267,C05,98,85,89,57,58,77,68,88,5.534087145858836,11.864966882128199,25.278837459969,24.97729269484141,21.766592339585976,12.767330873569218,16.294360992490816,13.783128768116349,3,2,3,3,2,2,2,2,"Topic_4, Topic_5"
U267,C04,59,71,76,61,100,85,54,65,12.426595365265515,7.873127380107124,12.664203882205676,7.579811028949333,21.974042852420183,14.586237141578385,6.0405083583419295,24.883057586383043,3,2,2,1,3,1,1,3,"Topic_1, Topic_7"
U268,C01,53,59,84,54,93,98,55,83,24.589627860473176,10.116027450958663,20.086271239946967,5.905138590855997,11.19993539638763,29.900423976853574,8.479264755562939,18.74243427880384,1,3,2,3,1,1,2,1,"Topic_1, Topic_2, Topic_4, Topic_7"
U269,C03,78,77,63,75,91,68,63,65,21.88742806402187,17.40929036916087,17.646084292001568,29.942692935026933,7.6322698803303535,15.766402430567707,15.237190637511388,29.343414034276567,2,1,2,3,1,2,2,2,None
U270,C03,64,61,73,70,59,86,54,59,15.668604130248612,29.85819425227381,28.56728462159836,26.041644658112478,12.210447778458672,10.112335285438002,20.24263448205667,25.639123850796462,2,3,2,3,2,1,1,3,"Topic_5, Topic_7, Topic_8"
U270,C01,69,77,91,78,63,89,65,65,10.841081733249371,12.647570000337065,5.080819115564923,14.97357101323908,17.74957776405319,8.329736164245759,8.125610840607674,9.127395875187872,3,3,2,3,2,3,3,2,None
U271,C02,100,64,51,100,95,79,75,72,7.178074287294383,12.507241708258523,18.792679305751182,10.507636313578153,11.343651641296733,14.489042654075309,17.489806123593816,5.843790030851283,3,2,1,1,1,3,1,3,Topic_3
U272,C01,53,78,90,54,51,91,67,100,11.60623643674839,25.92751527113818,27.01058338209846,18.595871744992564,18.090808750151965,11.296429301846073,29.20361881173878,29.6723307035283,1,2,1,1,1,2,2,2,"Topic_1, Topic_4, Topic_5"
U272,C04,61,80,99,76,93,87,89,58,8.45946746542892,15.842154569049578,19.492000667351114,8.860692369264552,19.84968101257974,11.51672247151502,22.106439464662454,29.210661767925863,3,1,3,2,1,2,3,2,Topic_8
U273,C01,97,78,53,57,84,88,74,85,29.482894073521653,11.823208150137724,14.781291560540248,5.413598266787396,28.025870070625515,21.846792983412197,9.859698080893157,20.780781370301167,1,1,3,3,3,2,2,1,"Topic_3, Topic_4"
U273,C04,67,91,63,56,56,68,51,59,16.09268778329226,5.052509101747175,6.129022285252495,22.548116735549584,20.168170318701186,12.305483248983702,28.16437643504567,6.9991994567405635,3,2,2,2,1,1,2,3,"Topic_4, Topic_5, Topic_7, Topic_8"
U274,C05,67,51,89,93,99,77,63,72,6.740882656756182,13.52065637056664,5.7722047539021535,14.205273758564372,29.39463735629668,21.409319364287864,27.494688181907225,10.986448525112056,2,2,1,3,2,2,2,1,Topic_2
U274,C01,81,86,50,97,92,70,79,55,14.842507948176094,14.719332330506564,25.531361020590253,6.176023329975623,20.286446666023878,8.098951471616923,11.014228568178337,29.984888038527995,2,2,3,1,2,3,3,1,"Topic_3, Topic_8"
U275,C02,82,60,96,99,83,58,55,85,23.185311710320818,9.807291900544744,19.621117633191552,23.41940450268783,10.702703825583622,7.7129738308642235,7.460394601502191,8.143884607803063,3,1,3,3,3,3,2,2,"Topic_6, Topic_7"
U276,C05,92,78,57,94,59,64,81,51,19.766738288663028,23.322481646144723,11.17104417186183,19.359554921634643,9.579083179672105,13.015630435492707,14.558805046390445,6.208689984463512,2,2,2,3,2,3,3,3,"Topic_3, Topic_5, Topic_8"
U276,C02,59,86,57,51,53,70,62,61,11.478238760868738,20.999553703376243,17.49989417109775,12.942721251494564,16.94570765803911,25.683029754420872,23.438641493695307,20.225787773524367,3,2,2,2,1,3,3,3,"Topic_1, Topic_3, Topic_4, Topic_5"
U277,C01,97,70,59,64,88,74,93,78,21.949813277004885,15.766515521041395,16.198740874632,20.34665570727634,22.682569764611067,9.72194818973909,20.774003704793543,19.619020296129328,1,1,1,1,3,3,1,2,Topic_3
U278,C01,59,55,100,73,62,83,91,62,28.119083907762768,24.630762086553126,22.17237063208377,19.31863788743928,12.368586072501007,22.514787715519432,7.812094810520185,12.729431509864877,2,1,2,1,3,1,2,2,"Topic_1, Topic_2"
U278,C04,65,65,94,79,95,79,89,61,28.86236216141829,13.437036979192975,19.733723803737135,18.966322502518654,15.843784544511895,8.664881850700036,7.626512013226456,25.42177998944006,1,1,3,3,1,1,1,2,None
U279,C03,96,57,80,53,62,70,50,51,6.725395466992058,15.49988717571225,16.81674758523414,20.56677141448006,18.544168939273014,22.225577744089207,8.510084998789223,13.18925046156122,1,2,3,1,3,3,2,2,"Topic_2, Topic_4, Topic_7, Topic_8"
U279,C02,50,93,94,91,67,92,51,79,23.197148800820255,19.23501753043893,17.59418583798879,15.36588491196805,23.651483955886093,13.357498519053848,15.549023854692152,19.342079999346637,1,1,3,2,1,2,2,3,"Topic_1, Topic_7"
U280,C02,95,98,59,99,68,98,51,78,14.340682976380865,27.374025638892782,21.87844654889955,24.071097472693875,16.519819853910438,23.625493050982232,22.178590721318866,11.651724295300692,2,3,3,3,2,3,1,2,"Topic_3, Topic_7"
U280,C01,50,60,85,82,73,65,59,68,16.813272269893837,28.834535150511677,7.0814609130159285,21.006168357417092,25.322970470220405,19.289189498068573,7.37737022966078,6.530582744421524,3,1,1,1,2,3,2,2,"Topic_1, Topic_7"
U281,C01,88,66,83,72,84,53,59,100,16.45476643254369,11.325402575952277,9.813554835054084,28.555386071101758,10.586525336392768,6.6532305673319065,15.052093955828626,14.054156956082313,3,3,3,1,2,3,1,2,"Topic_6, Topic_7"
U281,C04,82,60,71,57,94,96,57,54,27.684903560066346,20.77213619661166,16.26550753290808,6.103721665589438,9.84733091637036,21.30290633793244,20.952619197733043,17.125251144439783,3,3,2,2,2,1,2,2,"Topic_4, Topic_7, Topic_8"
U282,C01,88,99,85,67,87,78,97,84,11.965799778912956,23.706366769892956,20.732611380329516,25.90809478442224,22.772899584784728,15.34221422819038,19.72871718424426,19.000704426059766,1,2,1,2,3,1,1,1,None
U282,C02,81,92,68,66,71,97,71,89,23.58060541067415,6.029053229589952,16.096065797641813,17.447435238414613,28.291131383147746,28.961059565572732,15.283079596955085,8.332161886691924,1,2,1,1,3,1,3,2,None
U283,C03,77,81,90,92,76,86,87,92,11.031069866230151,11.038741733265553,23.22001426631441,5.364259218159055,18.19696297936882,17.76699688279288,5.891929236203542,21.953517671539025,3,2,2,3,2,2,2,3,None
U284,C01,65,86,76,98,55,50,54,97,13.166309312411627,23.716456177815484,25.608550685802285,29.249756240064706,7.621800652451858,6.765342697434946,11.273878965735602,10.982492178428009,1,3,3,1,1,3,3,1,"Topic_5, Topic_6, Topic_7"
U285,C04,64,64,56,60,100,72,82,93,13.359657205447995,24.769933488895376,11.733646496452025,17.179860640011604,29.307733955100296,15.280978897011595,21.712011861255547,25.87382813326801,3,1,1,1,2,1,1,1,Topic_3
U285,C03,97,53,58,75,84,72,69,74,13.007809701733445,15.628044925586833,21.33007874443392,29.66820696567628,22.135766257309733,23.030870557526075,15.154095833309492,11.704351660019036,3,1,3,1,3,1,2,3,"Topic_2, Topic_3"
U286,C01,54,54,54,100,55,97,61,73,7.537350245437475,13.022770780227173,18.662792295380125,10.810672125487029,21.577796462567576,14.79156054174112,26.166602263006112,5.322880295471248,1,2,1,3,1,1,3,2,"Topic_1, Topic_2, Topic_3, Topic_5"
U286,C02,73,53,97,72,50,70,100,96,11.301206875085423,13.5618349408242,28.982004414746804,5.218046371729794,22.260205995401567,7.139437194357541,10.273618716129619,10.24878786443707,2,3,1,1,3,1,1,2,"Topic_2, Topic_5"
U287,C02,97,72,86,77,94,66,75,92,26.056004307500828,27.82199139962108,5.791256267852611,29.434078284165032,14.9237014959134,6.920896266620178,19.918059390249528,6.756861887210459,1,2,1,1,2,3,2,2,None
U288,C04,87,52,54,79,89,50,95,56,17.582619655043224,16.711387545944945,7.177040256017129,5.359631334474775,28.9205248494121,21.710322949218863,21.45392821330131,27.66356601474067,2,1,2,1,2,1,1,1,"Topic_2, Topic_3, Topic_6, Topic_8"
U289,C01,62,62,65,85,80,64,87,65,25.148074527855858,13.027092677071254,15.461969810226565,28.647525808001216,25.74696866901076,8.40833580318957,24.526641236094246,23.098593505063462,2,2,1,3,1,2,3,1,None
U289,C04,63,57,69,96,63,55,82,77,25.79392875182107,20.519594213590693,21.44928634567438,21.56114575890049,12.85752013248206,6.419458888384675,29.561635200940387,25.202708001682712,1,2,1,3,1,1,3,1,"Topic_2, Topic_6"
U290,C04,75,97,98,61,50,83,71,65,24.0881647134231,18.94579344524898,13.405351759306164,21.63772919651727,13.62847057121289,29.557987762494317,26.443845892093673,24.002970884870958,2,2,1,2,2,2,1,1,Topic_5
U291,C01,76,68,73,81,93,52,80,97,9.101558737927983,11.158877449050966,10.103755088260225,28.15061442782898,27.017743178732502,9.459461153406611,15.6033209756441,11.088458376487626,3,1,1,3,2,3,3,2,Topic_6
U292,C02,80,91,89,96,90,81,77,72,24.90897257688206,28.09255563536679,26.381015445836514,14.274394925063012,13.148599562264355,11.974931746149155,29.330241663409357,25.08706208189528,3,1,3,3,2,3,3,1,None
U292,C04,58,68,52,73,54,55,54,79,16.543369328138965,15.644349552209537,6.590646851836617,8.92191053531987,24.82562583682778,17.579984149258305,8.5316450127689,28.33352100828408,2,3,2,3,1,2,1,3,"Topic_1, Topic_3, Topic_5, Topic_6, Topic_7"
U293,C04,61,73,93,85,60,93,77,76,26.787993907980642,17.524110578700885,24.51455609392887,19.598023706780914,18.104606742979243,25.095352895152075,12.444362481474396,26.430888785770343,1,3,2,2,3,1,1,2,None
U294,C03,87,80,96,85,57,57,81,75,19.439536266805284,25.887863196149958,6.788358190432293,16.828410940019786,16.41649360889676,22.83003212621424,25.712039761500147,10.224562066750321,1,2,3,2,2,2,2,3,"Topic_5, Topic_6"
U295,C01,63,92,55,90,69,56,55,81,16.148232847593427,13.499155842198178,18.57683073854301,16.68519247735743,29.771451282808815,24.28819978510799,24.256424153764375,27.531870232942058,2,3,2,2,1,2,3,3,"Topic_3, Topic_6, Topic_7"
U295,C04,57,97,80,73,78,97,98,79,5.373562701066158,16.284123600240378,8.904744103320496,11.722814589576453,18.927004090494464,22.5602579011464,26.491375594072586,9.371616216796282,1,2,3,1,1,1,1,2,Topic_1
U296,C01,99,71,65,97,62,67,82,67,16.12224203444827,29.31395602365495,13.461277814957818,15.503547654180299,8.824653077526294,17.09450262074121,6.8089533161383535,28.058488477505065,1,2,1,2,3,3,3,1,None
U297,C04,65,55,94,54,75,58,51,87,22.004754724737474,7.8357510675325415,12.996375808690445,11.313597751926107,14.063805688768978,10.28839828956476,7.5537229143863005,28.599033099836625,2,3,2,2,3,3,3,2,"Topic_2, Topic_4, Topic_6, Topic_7"
U298,C04,96,74,74,92,64,93,57,50,15.40261992479253,10.17045548741769,23.402281373662007,14.89702089575488,18.882341843827223,23.312834436570036,12.722444475141362,20.6669630709442,1,2,1,2,2,2,3,1,"Topic_7, Topic_8"
U298,C03,55,52,94,76,53,83,68,74,12.253288079377707,22.025079789168025,11.487868598396362,13.521229469444652,12.321892945814504,15.182593329839548,9.598987844116506,13.869600207998282,1,1,2,2,1,3,3,3,"Topic_1, Topic_2, Topic_5"
U299,C01,78,58,68,65,85,88,88,85,19.424018827275784,14.841454987412494,19.53993038568764,29.239809917948886,8.069171702781818,8.861102279786873,17.163407725630233,13.799890131090763,2,3,1,2,2,1,1,3,Topic_2
U299,C02,82,67,97,88,83,83,50,97,12.159020339835063,5.973647345539249,26.039450337112463,8.284204210198322,11.962842379202336,11.921219364393306,15.118564199062789,29.90788498553369,2,1,2,3,3,1,3,3,Topic_7
U300,C03,98,60,93,100,95,59,54,52,14.51351671822501,23.667104437333567,29.5986637660504,14.783164637143004,24.270151482915225,26.57623933048722,12.822815201545469,23.76953850298874,1,2,2,2,1,3,2,2,"Topic_6, Topic_7, Topic_8"
U300,C01,78,63,62,64,71,55,98,76,8.29162157990584,28.00950181089093,5.235900287994384,28.09455220694189,18.160760406522684,18.175002869333326,16.934225922124668,24.36238610549241,1,3,2,2,2,2,2,1,Topic_6
